date,sector,emission_trend,emission_seasonal,emission_resid,emission_original
2005-01-01,building,4.295587294677821,-0.6510667068817538,-0.011571084095854722,3.6329495037002126
2005-02-01,building,4.302408138250418,-0.8766425040497391,-0.00460291351702935,3.4211627206836495
2005-03-01,building,4.309257464928322,-0.0006424604956545188,0.025257197502979167,4.333872201935647
2005-04-01,building,4.316156407149733,0.023977535979240957,0.011829939535215495,4.351963882664189
2005-05-01,building,4.323109034032321,0.3299634886496867,0.0018067627404274589,4.654879285422435
2005-06-01,building,4.330102522034194,0.5390585260642116,-0.005783647845929885,4.8633774002524754
2005-07-01,building,4.337110849942271,0.8085466920194492,-0.02882927018773529,5.1168282717739855
2005-08-01,building,4.344098056120684,0.6919480765469591,0.010069398485326175,5.046115531152969
2005-09-01,building,4.351023936283944,0.3331555171024508,-0.013275758498243029,4.670903694888152
2005-10-01,building,4.35781162490802,-0.6560746322950917,0.021199473929115698,3.7229364665420444
2005-11-01,building,4.364429267453581,-0.08081449433261313,-0.015411990095807404,4.268202783025161
2005-12-01,building,4.372300942876668,-0.4137384460974686,-0.015186281565195081,3.9433762152140046
2006-01-01,building,4.380816381478639,-0.6682178451946515,0.033396870046771276,3.745995406330759
2006-02-01,building,4.389610765459906,-0.9213460275252245,-0.0009984780857923425,3.4672662598488895
2006-03-01,building,4.39857521855297,-0.023869670420504516,-0.016528767854746995,4.358176780277718
2006-04-01,building,4.407653553601856,0.010048846422329704,-0.024935241975216904,4.392767158048969
2006-05-01,building,4.4167999390241715,0.3510920449230377,-0.00146559916582234,4.766426384781386
2006-06-01,building,4.426204150638012,0.553056173898011,-0.0024348662264488397,4.976825458309574
2006-07-01,building,4.435865020545932,0.8352868771991105,0.07667374888687384,5.347825646631916
2006-08-01,building,4.445883269010883,0.707585524276172,-0.008917234454914436,5.14455155883214
2006-09-01,building,4.456109164903085,0.3342417445685764,-0.003869631769230608,4.78648127770243
2006-10-01,building,4.466662396181646,-0.6853116049647164,-0.038015716638799546,3.74333507457813
2006-11-01,building,4.477445322792345,-0.0660169530121976,0.02772936698793771,4.4391577367680854
2006-12-01,building,4.488054509172088,-0.3815983025750813,0.006544060639889437,4.113000267236895
2007-01-01,building,4.498452314877838,-0.6839254092728201,-0.020849984048163073,3.793676921556855
2007-02-01,building,4.50864249521246,-0.9661011425256014,0.016686841469576663,3.559228194156436
2007-03-01,building,4.5185424690267,-0.04481645365060294,-0.021172749114859002,4.452553266261238
2007-04-01,building,4.528122326881708,-0.003246984973510146,0.025392669831242998,4.550268011739441
2007-05-01,building,4.537289315315625,0.3706864057289825,-0.10510660257323412,4.802869118471373
2007-06-01,building,4.5457822761400095,0.5672694928291941,0.033192714666379075,5.1462444836355825
2007-07-01,building,4.553543594185676,0.8627073321265145,0.004758950632433034,5.421009876944623
2007-08-01,building,4.560689429152016,0.7236098121389831,-0.015334113418428608,5.268965127872571
2007-09-01,building,4.567613949393194,0.3332426926035043,0.0461515153703731,4.947008157367072
2007-10-01,building,4.57414034941802,-0.7133415966527344,0.0092358529648644,3.8700346057301496
2007-11-01,building,4.580167165041821,-0.05192929754994687,-0.024058129729192856,4.504179737762682
2007-12-01,building,4.586102778804789,-0.35217313720103427,0.011692340737743834,4.245621982341499
2008-01-01,building,4.592271813213256,-0.7020058521794356,-0.009866390971696504,3.880399570062124
2008-02-01,building,4.598939692682652,-1.0100569023140231,-0.007153725704869274,3.58172906466376
2008-03-01,building,4.606536124267132,-0.06303871454494886,-0.013285194915630072,4.530212214806553
2008-04-01,building,4.6155043781141565,-0.013064060947876167,-0.04197842041350963,4.560461896752771
2008-05-01,building,4.625711132839872,0.3889807015557459,0.0406788314100357,5.055370665805654
2008-06-01,building,4.636516541698741,0.5820510906694163,-0.03991997036092165,5.178647662007236
2008-07-01,building,4.647522142918158,0.8854462356251617,-0.022852622569785375,5.510115755973534
2008-08-01,building,4.6585747484418185,0.7396546417554729,0.02044898025511621,5.418678370452407
2008-09-01,building,4.669830977086706,0.3300950164778052,-0.008933171759358594,4.990992821805152
2008-10-01,building,4.681390177048074,-0.7379112769789626,0.13345710848082692,4.076936008549938
2008-11-01,building,4.693058355143698,-0.04325156953848427,0.03609846302631414,4.685905248631528
2008-12-01,building,4.704525756705088,-0.32877976076653315,0.017332018314838216,4.393078014253393
2009-01-01,building,4.715542671640264,-0.7231716583833053,0.017230631175012334,4.009601644431971
2009-02-01,building,4.725850885235043,-1.0434757763063882,-0.048850964764510785,3.633524144164144
2009-03-01,building,4.73538343702208,-0.0618168640058257,0.0020299987889300652,4.675596571805185
2009-04-01,building,4.744125818242509,-0.004190460793709359,-0.00010965561240716681,4.739825701836392
2009-05-01,building,4.752661842844228,0.3873768022833046,0.02228881866632637,5.162327463793859
2009-06-01,building,4.761662171776297,0.5940734647200233,-0.0006243899395439456,5.355111246556776
2009-07-01,building,4.771200768695455,0.9102424894182692,0.003953176637604194,5.685396434751328
2009-08-01,building,4.781182967993143,0.7618275353213754,-0.028345467853070794,5.514665035461447
2009-09-01,building,4.791476465422042,0.31336170632677046,0.0037893912282971343,5.10862756297711
2009-10-01,building,4.8018820165832015,-0.743916524246501,-0.04585405463828973,4.012111437698411
2009-11-01,building,4.812043948063659,-0.04171351266459053,-0.00908071101862884,4.7612497243804395
2009-12-01,building,4.82205747256361,-0.33125412046322195,0.03101709800310637,4.521820450103494
2010-01-01,building,4.832077325801701,-0.7476204023080854,0.015496224612900455,4.099953148106517
2010-02-01,building,4.842326912923256,-1.0685112599205204,0.01642079955368736,3.7902364525564227
2010-03-01,building,4.85276547000553,-0.05113806078724074,-0.008290367344188532,4.793337041874101
2010-04-01,building,4.862903784291625,0.009677549156319227,-0.12699238157519055,4.745588951872754
2010-05-01,building,4.872368023584923,0.35328962210174814,-0.007132055473253018,5.218525590213418
2010-06-01,building,4.881203105482873,0.6065293691751097,0.03302528268315896,5.520757757341142
2010-07-01,building,4.889702549564782,0.9572141305495049,-0.038311217835705236,5.808605462278582
2010-08-01,building,4.898033772722467,0.7752511247308457,0.04141638558966676,5.71470128304298
2010-09-01,building,4.906354981231475,0.31556810442340744,-0.04132136241696838,5.180601723237914
2010-10-01,building,4.914815852318156,-0.7502900250242838,0.02438153580162794,4.188907363095501
2010-11-01,building,4.92344037641173,-0.045469661405528265,0.008488624321441485,4.886459339327643
2010-12-01,building,4.931960672620895,-0.3446364664482653,-0.026765932663649572,4.56055827350898
2011-01-01,building,4.940139754033957,-0.7686234610791627,-0.02737517407194545,4.14414111888285
2011-02-01,building,4.9482017851579005,-1.0897161002996554,0.02018426015650654,3.8786699450147517
2011-03-01,building,4.956231212559892,-0.046048984489458086,0.01781435345771687,4.927996581528151
2011-04-01,building,4.964308134520468,0.01930732611967693,0.03832038353635614,5.0219358441765
2011-05-01,building,4.972343323808,0.3242555031668666,-0.04779173250570423,5.2488070944691625
2011-06-01,building,4.980332648677151,0.6177547802063478,-0.01074799954197836,5.587339429341521
2011-07-01,building,4.988294223244724,0.9984374268867731,0.04449789117770031,6.031229541309197
2011-08-01,building,4.996383364739831,0.7862819456050799,-0.014508948985016978,5.768156361359894
2011-09-01,building,5.004584663798225,0.3405567877515912,-0.02401262143516547,5.321128830114651
2011-10-01,building,5.012749982074074,-0.7572404586957409,0.0392454639504729,4.294754987328806
2011-11-01,building,5.021329107727833,-0.040688326737928424,-0.03826955864544601,4.942371222344458
2011-12-01,building,5.030696728238578,-0.3600519326830818,0.004338493556439005,4.674983289111935
2012-01-01,building,5.040802947590466,-0.793105214035004,0.1495552929196977,4.39725302647516
2012-02-01,building,5.051126383293183,-1.1108251893906431,-0.01482632947843765,3.9254748644241024
2012-03-01,building,5.061533421248846,-0.04767199861286687,0.0075174115053942,5.021378834141373
2012-04-01,building,5.072366274513899,0.017386172066022738,-0.020980754689372105,5.06877169189055
2012-05-01,building,5.083688743483857,0.3060484733884985,0.023793673822705586,5.413530890695061
2012-06-01,building,5.094804135220849,0.6280954146086483,-0.10101231137149824,5.621887238457998
2012-07-01,building,5.1052980144589934,1.0299937156319272,0.01900370268087581,6.1542954327717965
2012-08-01,building,5.115277176849653,0.7962493937777241,0.0010472469638855841,5.912573817591262
2012-09-01,building,5.124763309509215,0.3733499459312237,0.027096907521930724,5.525210162962369
2012-10-01,building,5.134238167935326,-0.7632026926463382,-0.04308194374288732,4.3279535315461
2012-11-01,building,5.143710837091037,-0.03847914306375589,0.08595321438316894,5.19118490841045
2012-12-01,building,5.1529293423394575,-0.37210606841207533,-0.16731357408185676,4.613509699845525
2013-01-01,building,5.161907239156291,-0.8107876436549245,0.0227438874521928,4.373863482953559
2013-02-01,building,5.170457674800851,-1.1243355229398821,-0.04032429926176473,4.005797852599204
2013-03-01,building,5.17864794072294,-0.052892730445613094,-0.01021296231289437,5.115542247964433
2013-04-01,building,5.186544690050301,-0.00666471466902018,0.012466562588193675,5.192346537969475
2013-05-01,building,5.19431150882069,0.307615575125198,-0.025714080710734777,5.476213003235154
2013-06-01,building,5.202174864847297,0.6329949337037725,0.039765511481531846,5.874935310032601
2013-07-01,building,5.210327382787932,1.0387363341223024,0.005014491722223013,6.254078208632458
2013-08-01,building,5.2187106769041725,0.8131836518252018,-0.025082465700998036,6.006811863028376
2013-09-01,building,5.227392121356497,0.3928610942072831,0.053962725428097436,5.6742159409918775
2013-10-01,building,5.236210016169337,-0.7577701347059055,-0.04229360692641304,4.436146274537018
2013-11-01,building,5.245012298993593,-0.03817674626762261,-0.0016107885020550938,5.205224764223915
2013-12-01,building,5.253819135686496,-0.3852925733229781,0.012051255865204169,4.880577818228722
2014-01-01,building,5.2627984904383105,-0.8217283891589523,-0.041243154879976984,4.399826946399381
2014-02-01,building,5.272204772448205,-1.1288319632701065,0.036707989833006494,4.1800807990111055
2014-03-01,building,5.282110608543343,-0.05673081880641843,-0.0051179527804121605,5.220261836956513
2014-04-01,building,5.292421463003837,-0.015528223582240803,-0.016709204599759886,5.260184034821837
2014-05-01,building,5.302790160506508,0.32476169383518677,-0.003477563577208187,5.624074290764487
2014-06-01,building,5.312730074421034,0.6399807297324269,-0.002448939432524,5.950261864720937
2014-07-01,building,5.321885252965321,1.0339119923504179,-0.0063886290409094215,6.349408616274829
2014-08-01,building,5.329922784793162,0.829190215429914,0.04809505324990759,6.207208053472984
2014-09-01,building,5.337063729266868,0.393730627065242,-0.01587349603067878,5.714920860301431
2014-10-01,building,5.3433786954725955,-0.743375450190183,0.04180236120232905,4.641805606484741
2014-11-01,building,5.348944295215614,-0.05420290376881785,0.0188830962226616,5.313624487669458
2014-12-01,building,5.35369809288769,-0.41310028024267204,0.000343302798148315,4.940941115443167
2015-01-01,building,5.357813019770459,-0.8398460429213893,0.041183517949810344,4.55915049479888
2015-02-01,building,5.362079874351224,-1.1266735905742715,-0.021274340080105425,4.214131943696847
2015-03-01,building,5.3665094489653535,-0.050695858669828356,-0.007639849872964177,5.308173740422561
2015-04-01,building,5.370840447334801,-0.004007941641692795,-0.04311522176659288,5.3237172839265146
2015-05-01,building,5.375417205197064,0.3397744730712541,0.1514050523597792,5.866596730628098
2015-06-01,building,5.381077861495388,0.6303552517533846,0.0006402443939048652,6.012073357642677
2015-07-01,building,5.388219178244253,1.0355367997130487,0.1626318427501907,6.5863878207074915
2015-08-01,building,5.397114222089002,0.8544060454627356,-0.029472115993738335,6.222048151557999
2015-09-01,building,5.407514746152548,0.39860049157738586,-0.0190328543047924,5.787082383425141
2015-10-01,building,5.418839229558985,-0.7394556840089604,0.04817783095718564,4.727561376507211
2015-11-01,building,5.430804331439046,-0.0728502413072845,-0.03736022738037548,5.3205938627513865
2015-12-01,building,5.442896147292594,-0.43652266165468673,0.15272059955042572,5.159094085188333
2016-01-01,building,5.454813019799641,-0.8531256394612342,-0.02760244713058757,4.574084933207819
2016-02-01,building,5.466291066768122,-1.1432974698522687,0.0669432027820358,4.389936799697889
2016-03-01,building,5.477529000522511,-0.03073188190833992,-0.0026890408910142938,5.444108077723157
2016-04-01,building,5.488527289865276,0.006432712978131776,0.05785414484416762,5.552814147687576
2016-05-01,building,5.499382120427828,0.3506561241058265,0.03909518631411313,5.889133430847768
2016-06-01,building,5.509895077278708,0.6357062290144573,-0.04009658135981731,6.105504724933348
2016-07-01,building,5.51993776258757,1.0376373967647883,-0.008137110435074035,6.549438048917284
2016-08-01,building,5.529583609370959,0.8855428500628046,-0.02087326956009594,6.394253189873667
2016-09-01,building,5.538637446360317,0.41537233991507916,0.1546383910838003,6.108648177359196
2016-10-01,building,5.5475447104501905,-0.7700231604600228,0.0037546672339505704,4.781276217224118
2016-11-01,building,5.5569729446370175,-0.08533360677567513,0.0049743467292122645,5.476613684590554
2016-12-01,building,5.567571749944661,-0.45012321794071897,-0.04200856234508965,5.075439969658852
2017-01-01,building,5.579291416209111,-0.873001479146311,0.032782069762749444,4.73907200682555
2017-02-01,building,5.59178960384963,-1.1767373272088877,-0.006760578988425969,4.4082916976523165
2017-03-01,building,5.60444508397426,-0.014013213134076523,-0.15933594211474844,5.431095928725434
2017-04-01,building,5.616649024307368,0.01668759644450609,0.011244840446744675,5.644581461198619
2017-05-01,building,5.628114110804587,0.36407062633418635,-0.048809514708242574,5.9433752224305305
2017-06-01,building,5.6389275449009775,0.6574966260279149,-0.0030665756835084323,6.293357595245384
2017-07-01,building,5.6494036397840155,1.0391681212109858,0.030406487555502792,6.7189782485505045
2017-08-01,building,5.659505833619858,0.9068305318423351,0.05027127939145348,6.616607644853646
2017-09-01,building,5.668906740833769,0.4405691668264225,0.014266156010946496,6.123742063671139
2017-10-01,building,5.677571403256438,-0.8183888412395919,-0.0923047238990069,4.766877838117839
2017-11-01,building,5.685496761194661,-0.08617260030144534,0.006044309684291704,5.605368470577507
2017-12-01,building,5.692809669026502,-0.4471501474044491,0.023626129530697426,5.26928565115275
2018-01-01,building,5.699552834961677,-0.8838288879192961,-0.0383615725454991,4.777362374496882
2018-02-01,building,5.705713766844703,-1.2086064155031557,-0.18117106478833378,4.315936286553213
2018-03-01,building,5.711256816260053,-0.006507279097822188,0.03318062039043834,5.737930157552669
2018-04-01,building,5.716718297690557,0.00275248375247688,0.0034851669983826383,5.722955948441417
2018-05-01,building,5.722424779895404,0.3924354075025577,-0.02985660656800171,6.0850035808299605
2018-06-01,building,5.7280317824054805,0.6751790388224734,0.029952509308116326,6.43316333053607
2018-07-01,building,5.733293990556735,1.052222523076221,-0.06209811652356656,6.7234183971093895
2018-08-01,building,5.738414792609707,0.9028567708994715,0.056403667998057294,6.697675231507236
2018-09-01,building,5.743980761841671,0.4733825864987586,-0.027119210053014875,6.190244138287415
2018-10-01,building,5.7500371248424,-0.8728564084678184,0.044643477796427966,4.92182419417101
2018-11-01,building,5.7564380050478094,-0.07528188637958522,-0.028595875272297455,5.652560243395927
2018-12-01,building,5.76300616215718,-0.4344160174552345,0.1530921768939164,5.481682321595862
2019-01-01,building,5.769755532265683,-0.8935964259388506,0.0028870395195488285,4.879046145846381
2019-02-01,building,5.77644349011287,-1.2329387941867616,-0.04025256880410133,4.503252127122007
2019-03-01,building,5.783232950600946,-0.013414755721702273,0.0005618958886959291,5.77038009076794
2019-04-01,building,5.790549630354949,-0.017330990902047483,-0.0034090815182308276,5.76980955793467
2019-05-01,building,5.798655208155786,0.4281958392614662,0.05637153285684793,6.2832225802741
2019-06-01,building,5.807850194232459,0.6871999790185008,0.14226396853473489,6.637314141785694
2019-07-01,building,5.817541391731181,1.0765415465021655,-0.004704058324227489,6.889378879909119
2019-08-01,building,5.826982588965752,0.8850622361168764,-0.06888418464087387,6.643160640441755
2019-09-01,building,5.835509382310994,0.5023916719739939,0.018865960011592797,6.35676701429658
2019-10-01,building,5.843055307367401,-0.9154222926129284,-0.02823338629068317,4.89939962846379
2019-11-01,building,5.849659939196685,-0.06736586686077627,0.020160520947351657,5.80245459328326
2019-12-01,building,5.855505224753041,-0.428138008202548,0.013145307247337534,5.440512523797831
2020-01-01,building,5.861184640580161,-0.9078728316843788,0.04310180430374011,4.996413613199523
2020-02-01,building,5.867182589051652,-1.2519975680094704,0.046961058095059016,4.662146079137241
2020-03-01,building,5.873623444126753,-0.04392521614277496,-0.015889629818980566,5.813808598164998
2020-04-01,building,5.879881766035695,-0.02021743229001125,-0.04684636796690178,5.812817965778781
2020-05-01,building,5.885475367205442,0.4673172549905303,0.005119436160802238,6.357912058356774
2020-06-01,building,5.8905385165488875,0.6952248852916655,-0.01795254892324838,6.5678108529173045
2020-07-01,building,5.895449637708851,1.1293829110315239,-0.021350075723883144,7.003482473016492
2020-08-01,building,5.900599007421107,0.8710392782702608,0.2179481292782146,6.989586414969582
2020-09-01,building,5.9065427738151035,0.5249010939804899,0.02279415615078939,6.454238023946383
2020-10-01,building,5.913632869595001,-0.9534475938984516,-0.0015420596672157671,4.9586432160293334
2020-11-01,building,5.921977196428608,-0.06665112050200277,0.01935330587650519,5.8746793818031104
2020-12-01,building,5.931040965488827,-0.4301573064216775,-0.02964236797153852,5.471241291095611
2021-01-01,building,5.940091155657054,-0.9252776528745923,-0.02111574264213889,4.993697760140323
2021-02-01,building,5.948883434835809,-1.2675500811526716,0.008618862142443007,4.6899522158255795
2021-03-01,building,5.95751706547465,-0.0658468883011229,-0.0047057956994720485,5.886964381474055
2021-04-01,building,5.966371583139021,-0.011427792514227946,0.008425101551658543,5.963368892176452
2021-05-01,building,5.97587530083089,0.47837897504631005,-0.005305431300718588,6.448948844576481
2021-06-01,building,5.9857175637218,0.7088013249684797,-0.006189260010545539,6.6883296286797345
2021-07-01,building,5.99564340967636,1.162348274928034,0.05293905980191571,7.210930744406309
2021-08-01,building,6.005748676093727,0.8766634479065217,-0.0217095151550577,6.860702608845191
2021-09-01,building,6.016170234492718,0.5358133948965764,-0.01451620410595833,6.537467425283336
2021-10-01,building,6.026673562221118,-0.9684657023384629,0.1356698752866281,5.193877735169283
2021-11-01,building,6.037139593485677,-0.06853297926911367,-0.09851267118801843,5.870093943028545
2021-12-01,building,6.047508709837478,-0.4437017837513682,0.05453660877265154,5.658343534858761
2022-01-01,building,6.057626936074957,-0.955635636250728,0.008890908704577427,5.110882208528807
2022-02-01,building,6.067067596686937,-1.2883254119054957,-0.05551257686613731,4.723229607915304
2022-03-01,building,6.075606619425116,-0.07766996978601813,0.0014217011953769898,5.999358350834475
2022-04-01,building,6.083185177600068,0.00769776543718695,0.011698728055355545,6.102581671092611
2022-05-01,building,6.089649476643122,0.4671162079556287,0.07929368819833105,6.636059372797082
2022-06-01,building,6.094826193400238,0.73549155906969,0.013629880418162266,6.84394763288809
2022-07-01,building,6.099247593224512,1.1791200433225506,-0.19345417565717415,7.084913460889889
2022-08-01,building,6.10347287670066,0.928177806190185,0.008705984032592262,7.0403566669234365
2022-09-01,building,6.107220531983397,0.526475824300584,0.03285382251283586,6.666550178796816
2022-10-01,building,6.110106651712931,-0.971432878008084,-0.03127115681853976,5.107402616886307
2022-11-01,building,6.111505913329487,-0.06936244898021697,0.0013384436950705236,6.04348190804434
2022-12-01,building,6.111440623057814,-0.45124501633636194,-0.024478671110379047,5.6357169356110735
2023-01-01,building,6.110735872672578,-0.9785059106906868,-0.009986967928208301,5.122242994053683
2023-02-01,building,6.110633508289699,-1.3173981471281047,0.0465347561015923,4.839770117263186
2023-03-01,building,6.111581222030809,-0.09472586178397059,0.223611270901646,6.240466631148484
2023-04-01,building,6.1134332402563984,-0.01866382771155636,0.029573625542044013,6.124343038086886
2023-05-01,building,6.116421381647609,0.4580458451451958,-0.05670305006782961,6.517764176724976
2023-06-01,building,6.120825426350781,0.7553658741546152,0.004051236140029779,6.880242536645427
2023-07-01,building,6.126536141693099,1.2207897951274904,-0.05047555150156935,7.296850385319019
2023-08-01,building,6.132991603645428,0.9877249733609698,0.13715002014115552,7.2578665971475536
2023-09-01,building,6.140539250833317,0.5248417105860647,-0.031038794131835523,6.634342167287547
2023-10-01,building,6.149359963492255,-0.973617764885855,0.021513014621719506,5.19725521322812
2023-11-01,building,6.159729262107284,-0.08064897129372198,0.13006355342337894,6.209143844236941
2023-12-01,building,6.171476268068809,-0.43989637629798817,-0.11217249239097349,5.619407399379847
2024-01-01,building,6.184013829057628,-1.0000315247459397,-0.018551929496475772,5.165430374815212
2024-02-01,building,6.197401637156996,-1.3449217018027817,-0.012870959866744691,4.83960897548747
2024-03-01,building,6.211242516509683,-0.11253919019990398,0.012074528147370422,6.11077785445715
2024-04-01,building,6.224953158438692,-0.04717669059864311,0.11017478333574449,6.287951251175793
2024-05-01,building,6.237960015989369,0.44524942670096246,0.019399419817521135,6.702608862507852
2024-06-01,building,6.25014288568744,0.7751985878939924,-0.008206992816489844,7.017134480764943
2024-07-01,building,6.261351188108198,1.2526517776789459,-0.1507262608351505,7.363276704951994
2024-08-01,building,6.271482288414111,1.0474794993127141,-0.0012717833982449633,7.31769000432858
2024-09-01,building,6.280583183708117,0.5221951196427855,-0.20739046043275788,6.595387842918145
2024-10-01,building,6.288735578587117,-0.9783569439634794,0.03215187244551121,5.3425305070691484
2024-11-01,building,6.295820312620691,-0.09211529660357513,0.04418755373358518,6.247892569750701
2024-12-01,building,6.3019532847232265,-0.42865936171776026,-0.022393518777467314,5.850900404227999
2025-01-01,building,6.307451932754086,-1.0199025584308634,0.019173175817612353,5.306722550140835
2025-02-01,building,6.312206830632743,-1.3714166659644107,0.001975802733665155,4.942765967401997
2025-03-01,building,6.3150400639002084,-0.12975242184306968,-0.007105381647930287,6.1781822604092085
2025-04-01,building,6.3178238414524515,-0.07734968861183088,-0.0282081396642635,6.212266013176357
2025-05-01,building,6.320671025152313,0.43318646171728725,1.6399647887688218e-05,6.753873886517488
2025-06-01,building,6.323575884093153,0.7945415724596447,0.004539237247825234,7.122656693800623
2025-07-01,building,6.326532656819988,1.2871455254829263,0.018668870141483218,7.6323470524443975
2025-08-01,building,6.329530076086985,1.10655056133335,-0.24005585170434873,7.196024785715986
2025-09-01,building,6.332549796778219,0.5198207763312707,0.010526904805979953,6.862897477915469
2025-10-01,building,6.335575772827054,-0.9837221774288638,-0.02289228331147619,5.328961312086714
2025-11-01,building,6.338594351909232,-0.1042402452764657,-0.0257724315819976,6.208581675050769
2025-12-01,building,6.341614736390037,-0.41508815341237326,0.03127874077613946,5.957805323753803
2005-01-01,industry,4.968112238985412,-0.7652181687251053,-0.013169881628400049,4.189724188631907
2005-02-01,industry,4.973413401171668,-1.0230250339837408,-0.0049087535861085385,3.945479613601819
2005-03-01,industry,4.978742916417324,-0.009407148844581936,0.028732379643533257,4.998068147216276
2005-04-01,industry,4.984123499455084,0.021481102001042574,0.013327901921493357,5.01893250337762
2005-05-01,industry,4.989558373611272,0.37956132623736494,-0.0008479092739985816,5.368271790574639
2005-06-01,industry,4.995032029822235,0.6209999019071837,-0.007308245498688137,5.60872368623073
2005-07-01,industry,5.000516401011081,0.9271690299383193,-0.026667770920806966,5.901017660028594
2005-08-01,industry,5.005974044506778,0.8026706871546121,0.0108229702622058,5.819467701923596
2005-09-01,industry,5.011361764397121,0.3906972654640446,-0.01530697803360237,5.386752051827563
2005-10-01,industry,5.016597415846413,-0.7477307272926763,0.024635588514563267,4.2935022770683
2005-11-01,industry,5.021648456342027,-0.08163384629475917,-0.01768017522705989,4.9223344348202085
2005-12-01,industry,5.027946601874571,-0.4628522381633349,-0.01736841901249786,4.547725944698738
2006-01-01,industry,5.034935623594931,-0.7805426845979857,0.039602225332094676,4.29399516432904
2006-02-01,industry,5.042235697907801,-1.0675537809450732,-0.00019104383703627548,3.974490873125691
2006-03-01,industry,5.049770490466789,-0.03636741404117656,-0.017670837091615432,4.9957322393339965
2006-04-01,industry,5.05751436459406,0.0051256202413528205,-0.02725715900282033,5.035382825832593
2006-05-01,industry,5.065400672163059,0.40142019047905897,-0.003116392318362138,5.463704470323756
2006-06-01,industry,5.073591614488853,0.6325027109591064,-0.0012116084070541433,5.704882717040905
2006-07-01,industry,5.082059744474948,0.9529007474621255,0.09519584181168828,6.1301563337487615
2006-08-01,industry,5.090935028069568,0.8149805507453125,-0.008770195525507063,5.897145383289374
2006-09-01,industry,5.100122988273907,0.3896461541755941,-0.0030759591447946377,5.486693183304706
2006-10-01,industry,5.109801501289592,-0.7757215840581272,-0.04313426323070679,4.290945654000758
2006-11-01,industry,5.119861406793861,-0.06391077801182368,0.03260922987703996,5.088559858659077
2006-12-01,industry,5.129776221559782,-0.4228506869097372,0.007763444560052513,4.714688979210097
2007-01-01,industry,5.139413729156633,-0.7941666088202708,-0.024356200727343236,4.320890919609019
2007-02-01,industry,5.148699848821766,-1.1119935018723477,0.017154090548163303,4.053860437497582
2007-03-01,industry,5.15749983983253,-0.06068206328691006,-0.02548530014477457,5.071332476400846
2007-04-01,industry,5.165782645615909,-0.010439314489316938,0.027283481924147424,5.18262681305074
2007-05-01,industry,5.173484300999267,0.4210946245836147,-0.12424658279681822,5.4703323427860635
2007-06-01,industry,5.180383765284073,0.6442218187617654,0.03682160630742004,5.861427190353259
2007-07-01,industry,5.186434579322972,0.979201218692862,0.008741418794770084,6.174377216810604
2007-08-01,industry,5.191758629523536,0.8276899706587387,-0.018246060399796704,6.0012025397824775
2007-09-01,industry,5.196753838755532,0.38624560623366344,0.05150319410929427,5.634502639098489
2007-10-01,industry,5.201166458934529,-0.8022190910396119,0.008912798439351555,4.407860166334269
2007-11-01,industry,5.204869317292038,-0.04705613093533242,-0.027679616311201194,5.130133570045505
2007-12-01,industry,5.208386458871122,-0.3860624731240246,0.013319599859931586,4.83564358560703
2008-01-01,industry,5.212194545024135,-0.8106670255134227,-0.011345460836269972,4.3901820586744424
2008-02-01,industry,5.216663975779709,-1.1556218048505413,-0.008768070077256773,4.052274100851911
2008-03-01,industry,5.222276256056787,-0.08217062193055619,-0.014742632626585817,5.125363001499645
2008-04-01,industry,5.229477574863846,-0.02217699436271918,-0.04771388410534794,5.159586696395778
2008-05-01,industry,5.238095036682235,0.44093473584611964,0.04048369412573383,5.719513466654089
2008-06-01,industry,5.247383203293089,0.6562323694510527,-0.044629753514053405,5.858985819230089
2008-07-01,industry,5.25687958024237,1.0009605557827215,-0.023840029508459537,6.234000106516632
2008-08-01,industry,5.266396971234975,0.8401307120714027,0.024022569101409097,6.1305502524077875
2008-09-01,industry,5.276099074336743,0.38025112522547855,-0.009672133130234073,5.6466780664319876
2008-10-01,industry,5.286111547703983,-0.8247841649496909,0.15121083552336412,4.612538218277656
2008-11-01,industry,5.296230995200235,-0.03638220120321741,0.041661212834879,5.301510006831896
2008-12-01,industry,5.3061150648897994,-0.35615972914491006,0.020257636478387298,4.970212972223277
2009-01-01,industry,5.315482243809885,-0.8298051014058334,0.019413155137153915,4.505090297541206
2009-02-01,industry,5.324033880277587,-1.186140871456691,-0.05535418841530948,4.082538820405587
2009-03-01,industry,5.331685610452404,-0.08101625187364063,0.002716543262001103,5.2533859018407645
2009-04-01,industry,5.338433417689826,-0.011866080322544683,-0.0010151566332181616,5.325552180734063
2009-05-01,industry,5.344930355272469,0.4338633464039334,0.021471120681763267,5.800264822358166
2009-06-01,industry,5.351922882344782,0.6650985501935928,-0.00014946905570845104,6.016871963482666
2009-07-01,industry,5.359506348610171,1.023022126618778,0.005443844026753908,6.387972319255702
2009-08-01,industry,5.367601125830069,0.859503671844159,-0.030962101068095826,6.196142696606132
2009-09-01,industry,5.376059684388945,0.3594055582940582,0.004463685089620917,5.739928927772624
2009-10-01,industry,5.384641531071467,-0.8254141088392232,-0.05131718238849636,4.507910239843747
2009-11-01,industry,5.392934770171689,-0.033468904561997,-0.009842177365270821,5.349623688244422
2009-12-01,industry,5.401035487823068,-0.35536582115356224,0.034937147544474634,5.080606814213981
2010-01-01,industry,5.4091066511682255,-0.8517761403827134,0.016839788180082138,4.574170298965594
2010-02-01,industry,5.417391710685484,-1.2064444793601472,0.01768328737879621,4.228630518704133
2010-03-01,industry,5.425856894298332,-0.06880484897709822,-0.009298269159670802,5.3477537761615626
2010-04-01,industry,5.433975976954006,0.0032837074300680192,-0.14277673528485657,5.294482949099217
2010-05-01,industry,5.441335565237539,0.389490909368633,-0.008705124226789707,5.8221213503793825
2010-06-01,industry,5.447978527895616,0.6754402188881896,0.0358921646289998,6.159310911412805
2010-07-01,industry,5.45422955383136,1.0683482860651778,-0.0421255946715835,6.480452245224955
2010-08-01,industry,5.460272000990899,0.868918679494653,0.04649604862451717,6.375686729110069
2010-09-01,industry,5.4662748697858214,0.3596341037400954,-0.04609791784377748,5.779811055682139
2010-10-01,industry,5.4723950483538655,-0.826296158391558,0.0273144280017652,4.673413317964073
2010-11-01,industry,5.478661372777815,-0.0374507899495118,0.010436392059237853,5.451646974887541
2010-12-01,industry,5.4847963636446035,-0.3670625649461668,-0.02968292401448469,5.088050874683952
2011-01-01,industry,5.490559362692492,-0.8694256445312972,-0.030549188236542513,4.590584529924652
2011-02-01,industry,5.496205253513951,-1.2219195687189026,0.02222877634093745,4.296514461135986
2011-03-01,industry,5.5018186211542215,-0.06300412653203742,0.02006931790182165,5.458883812524006
2011-04-01,industry,5.507489868546665,0.01395350574801198,0.041499666304622984,5.562943040599301
2011-05-01,industry,5.513121643498442,0.35426547094894056,-0.05313225265244803,5.814254861794934
2011-06-01,industry,5.518706814173707,0.6844717176726908,-0.01392164797668105,6.189256883869716
2011-07-01,industry,5.524258227671347,1.1063683216810511,0.05034020214235024,6.680966751494749
2011-08-01,industry,5.5299410359994265,0.8751765148871232,-0.015564541218938466,6.389553009667611
2011-09-01,industry,5.535745846780495,0.3845189132942051,-0.025897027769946845,5.894367732304754
2011-10-01,industry,5.541538456896506,-0.8276526536621216,0.04353804867419342,4.757423851908578
2011-11-01,industry,5.5478251500069495,-0.032351171278232095,-0.040666962370294435,5.474807016358423
2011-12-01,industry,5.555007847092648,-0.38124467772411774,0.0048505286222404465,5.178613697990771
2012-01-01,industry,5.563002073471028,-0.890446092688166,0.1637998821200215,4.8363558629028836
2012-02-01,industry,5.571197377329879,-1.236880708924494,-0.016849999798919768,4.317466668606466
2012-03-01,industry,5.579420974218005,-0.06433600029076116,0.0077209274250114035,5.522805901352255
2012-04-01,industry,5.588047818903097,0.01126229104877513,-0.024378773912341778,5.57493133603953
2012-05-01,industry,5.597156808810536,0.33142409028031344,0.02553675222071128,5.95411765131156
2012-06-01,industry,5.605993231218262,0.6909742746595725,-0.11368736652903788,6.183280139348796
2012-07-01,industry,5.614125699297388,1.1337881703035317,0.0209399168689135,6.768853786469833
2012-08-01,industry,5.621702348762442,0.8800765060461843,0.0012153725841974605,6.502994227392824
2012-09-01,industry,5.628754680191361,0.41790416916672146,0.030290192356245527,6.076949041714328
2012-10-01,industry,5.635788907298695,-0.8283667473794288,-0.047285931542401016,4.760136228376865
2012-11-01,industry,5.64279643300938,-0.02951271972400757,0.096284832359399,5.709568545644771
2012-12-01,industry,5.649478015900024,-0.39154563245337765,-0.18372479269242525,5.074207590754221
2013-01-01,industry,5.655851824616369,-0.9037421099624444,0.024748526743343824,4.776858241397268
2013-02-01,industry,5.661760783277194,-1.2432604134859233,-0.043620230039282504,4.374880139751989
2013-03-01,industry,5.66733994795892,-0.06959133804811783,-0.010875530391721178,5.586873079519082
2013-04-01,industry,5.6726816460313625,-0.015672144974694425,0.013744387069065667,5.670753888125733
2013-05-01,industry,5.6779378191731755,0.3306585753660483,-0.02782143023097472,5.9807749643082495
2013-06-01,industry,5.683327136778461,0.6916340104813614,0.0412732100261346,6.416234357285957
2013-07-01,industry,5.6890260028906265,1.135833913302894,0.005450437497557914,6.830310353691079
2013-08-01,industry,5.694942417402965,0.8924054403213743,-0.027086234502881723,6.560261623221457
2013-09-01,industry,5.701146204270703,0.43659086163719374,0.0592842373019451,6.197021303209842
2013-10-01,industry,5.70747629811958,-0.8170116304131181,-0.04558508375193426,4.844879583954528
2013-11-01,industry,5.7137793656971825,-0.028566191382960595,-0.00039449851099160327,5.68481867580323
2013-12-01,industry,5.720082789887886,-0.4030608353293504,0.01323777225930467,5.33025972681784
2014-01-01,industry,5.726567071087471,-0.9094126956221065,-0.044921558089799696,4.772232817375565
2014-02-01,industry,5.733505299921166,-1.2396533736882558,0.040035204179586614,4.533887130412497
2014-03-01,industry,5.740975354591197,-0.07328212810746755,-0.005583066900244127,5.662110159583485
2014-04-01,industry,5.748876375548209,-0.025294116801562995,-0.01817084547394998,5.705411413272696
2014-05-01,industry,5.756836304593523,0.34684838492849024,-0.0035829753605884918,6.100101714161425
2014-06-01,industry,5.764332134408975,0.6935953537670477,-0.004029348832699675,6.453898139343323
2014-07-01,industry,5.7709843725795995,1.122926103214672,-0.007081393957141913,6.88682908183713
2014-08-01,industry,5.7764427020565,0.9036629128751973,0.05248690244064402,6.732592517372342
2014-09-01,industry,5.780951241792094,0.43478344407654235,-0.017097055233272762,6.198637630635363
2014-10-01,industry,5.784580472131018,-0.7959571389606563,0.04606946657086031,5.034692799741221
2014-11-01,industry,5.787410692264707,-0.044714604064971616,0.020679032728218694,5.763375120927955
2014-12-01,industry,5.789371968485207,-0.430458707725064,0.00023418460344348802,5.359147445363586
2015-01-01,industry,5.790643253063898,-0.9227229310869535,0.04427538061271896,4.912195702589663
2015-02-01,industry,5.7920713398181,-1.2287098690940557,-0.022901389928519755,4.540460080795524
2015-03-01,industry,5.793664981372108,-0.066207760208139,-0.008236443949145134,5.719220777214824
2015-04-01,industry,5.7951434209737105,-0.01275993937540045,-0.04641552139616323,5.735967960202147
2015-05-01,industry,5.796889966092211,0.3608703817013466,0.1631258089353338,6.320886156728891
2015-06-01,industry,5.799815414571541,0.6774720173595287,0.0003405702059708915,6.477628002137041
2015-07-01,industry,5.804345181477166,1.117255831413161,0.17481442357695887,7.096415436467287
2015-08-01,industry,5.810766601523443,0.9248696363101063,-0.03177370329849527,6.7038625345350535
2015-09-01,industry,5.818806105776458,0.43684435486628814,-0.020435973465052548,6.235214487177694
2015-10-01,industry,5.827839338491357,-0.7862964851352574,0.05210490051828387,5.093647753874383
2015-11-01,industry,5.837567591909515,-0.06454512391820492,-0.04041979614526081,5.732602671846049
2015-12-01,industry,5.847441297537511,-0.45329294258276676,0.16444854230249994,5.558596897257244
2016-01-01,industry,5.857132629497577,-0.9306262966603053,-0.02959390196960232,4.896912430867669
2016-02-01,industry,5.866353324997798,-1.2380794176954386,0.07149367442639232,4.699767581728752
2016-03-01,industry,5.875314978426886,-0.044256372841865614,-0.002718968241784303,5.828339637343236
2016-04-01,industry,5.884017564392292,-0.001285871464331544,0.06198621746719457,5.9447179103951555
2016-05-01,industry,5.892563839848902,0.3705268938446311,0.04168303541359819,6.304773769107132
2016-06-01,industry,5.9007406195378875,0.6787247157978631,-0.04304932626970004,6.536416009066051
2016-07-01,industry,5.908411485429447,1.1122590718268899,-0.008989518258109008,7.011681038998228
2016-08-01,industry,5.915656426377334,0.9521569237388939,-0.022269730171167623,6.84554361994506
2016-09-01,industry,5.922269033203591,0.451759790301031,0.1657524950134288,6.539781318518051
2016-10-01,industry,5.9287309590719905,-0.8140925883127869,0.004088387800738502,5.1187267585599425
2016-11-01,industry,5.935758236975758,-0.07798343813159438,0.005364609965106126,5.863139408809269
2016-12-01,industry,5.944046910701901,-0.4656099490361555,-0.044785107257592216,5.433651854408153
2017-01-01,industry,5.953541633830533,-0.9456108670227243,0.034931335527192076,5.042862102335001
2017-02-01,industry,5.963870610721433,-1.265614821437933,-0.0073781013920584115,4.690877687891442
2017-03-01,industry,5.974370518687251,-0.025754579170400412,-0.16936890683431827,5.779247032682532
2017-04-01,industry,5.984395047116632,0.010123346039913717,0.011899296472170917,6.006417689628716
2017-05-01,industry,5.993642363538705,0.3827540781743243,-0.05203132846205616,6.324365113250973
2017-06-01,industry,6.002205435561898,0.6977400720131187,-0.0031630008319520897,6.696782506743064
2017-07-01,industry,6.010417097960928,1.1069940218814152,0.03227572332610773,7.149686843168451
2017-08-01,industry,6.018239184189973,0.9690861188031606,0.0534286442344003,7.040753947227534
2017-09-01,industry,6.025323129287881,0.47559982475005635,0.015371107939730067,6.516294061977668
2017-10-01,industry,6.031626660121182,-0.861000850920997,-0.09817543037437382,5.0724503788258115
2017-11-01,industry,6.037144162710101,-0.07901157022672381,0.006558424911278671,5.964691017394656
2017-12-01,industry,6.042016277442229,-0.4603813507216689,0.02542925763969528,5.607064184360255
2018-01-01,industry,6.046295704475284,-0.9511305540017422,-0.04053226960399936,5.054632880869542
2018-02-01,industry,6.049971255413069,-1.2917280445730792,-0.19181685344077337,4.566426357399216
2018-03-01,industry,6.0530045947539035,-0.01702359064263272,0.03496948466195793,6.070950488773229
2018-04-01,industry,6.055965971681533,-0.0042553421067521,0.003396570830203949,6.055107200404985
2018-05-01,industry,6.059204247680117,0.41061004182849437,-0.031646788532471604,6.43816750097614
2018-06-01,industry,6.06235284090981,0.7127633004861152,0.031417746868376284,6.806533888264301
2018-07-01,industry,6.065141164082717,1.1143868546258178,-0.06589312191021257,7.113634896798322
2018-08-01,industry,6.067781078887546,0.9594773436839558,0.05913921627775931,7.086397638849261
2018-09-01,industry,6.070907615353281,0.5073579726249666,-0.02874953513900813,6.549516052839239
2018-10-01,industry,6.07457138469297,-0.9142238780333646,0.04713152790620079,5.2074790345658055
2018-11-01,industry,6.0786095581337305,-0.06768540668246814,-0.030298310738485768,5.980625840712777
2018-12-01,industry,6.082823073729956,-0.4450177452862698,0.16202510793549596,5.799830436379182
2019-01-01,industry,6.087223240369682,-0.955576992216671,0.0030207709931637794,5.134667019146175
2019-02-01,industry,6.091557572040842,-1.3101541633529894,-0.04221884579578106,4.7391845628920715
2019-03-01,industry,6.096004958483386,-0.02360264270431341,0.0002970304297207349,6.072699346208793
2019-04-01,industry,6.101015767584091,-0.025205485537799582,-0.0037113597799578457,6.072098922266333
2019-05-01,industry,6.106869571431413,0.44633553964215855,0.05920534631744534,6.612410457391017
2019-06-01,industry,6.113891003046595,0.7218265115307164,0.14933591611277297,6.985053430690084
2019-07-01,industry,6.121453622347956,1.133953913029977,-0.005083299935590979,7.250324235442342
2019-08-01,industry,6.128766027250868,0.9354881527662797,-0.07304794344464494,6.991206236572503
2019-09-01,industry,6.135121019865178,0.5348514059003445,0.019835573794363626,6.689807999559886
2019-10-01,industry,6.140447771888932,-0.9543790518603534,-0.029981867415703967,5.156086852612875
2019-11-01,industry,6.144793184465265,-0.060081823839038644,0.021742921547076577,6.106454282173303
2019-12-01,industry,6.148354002683497,-0.4365679927309082,0.013763490532908484,5.7255495004854975
2020-01-01,industry,6.151758760106427,-0.9649226018847888,0.04518672140123403,5.232022879622872
2020-02-01,industry,6.155515060643566,-1.322921392827235,0.049399065881721604,4.881992733698053
2020-03-01,industry,6.15975158207227,-0.05495052806329047,-0.016838375541119888,6.08796267846786
2020-04-01,industry,6.163806043091978,-0.028002434272175483,-0.04887827667897415,6.0869253321408285
2020-05-01,industry,6.1671689459531605,0.48555765633415254,0.00499710338709658,6.657723705674409
2020-06-01,industry,6.169980941240323,0.726632493119298,-0.01909301436901778,6.877520419990603
2020-07-01,industry,6.172645186876696,1.1836021017806622,-0.022510858379001242,7.333736430278356
2020-08-01,industry,6.175572441304705,0.9158563735397096,0.2277562793624197,7.319185094206834
2020-09-01,industry,6.179339345049996,0.5555207375990552,0.02373190473349851,6.75859198738255
2020-10-01,industry,6.184314498822416,-0.9896482435789103,-0.002194861439344109,5.192471393804161
2020-11-01,industry,6.190618953022564,-0.060060876995937526,0.021145789090358136,6.151703865116985
2020-12-01,industry,6.197693138841395,-0.4370902633152093,-0.03136149740521521,5.729241378120971
2021-01-01,industry,6.204763239871795,-0.9777505606280869,-0.02204010287861813,5.2049725763650905
2021-02-01,industry,6.211569496110489,-1.3325631087666823,0.00936968993582532,4.888376077279632
2021-03-01,industry,6.218203433462839,-0.07724499271319561,-0.004926659212767248,6.136031781536876
2021-04-01,industry,6.225057112577821,-0.01849085547802214,0.009102579384791198,6.21566883648459
2021-05-01,industry,6.2325788245382645,0.49585657698297125,-0.0066425548795319145,6.721792846641704
2021-06-01,industry,6.2404604279980935,0.7372344361657137,-0.006393441630398122,6.971301422533409
2021-07-01,industry,6.248458051763985,1.2127863066745097,0.054768539716573805,7.516012898155069
2021-08-01,industry,6.256673245934683,0.9170207603155878,-0.02272679740737793,7.150967208842893
2021-09-01,industry,6.265253203299856,0.5640686644856384,-0.015265370596987182,6.814056497188507
2021-10-01,industry,6.273941143021035,-1.0017116877376013,0.1413923686752705,5.413621823958704
2021-11-01,industry,6.282606164840456,-0.06120577847031325,-0.10295280269182339,6.11844758367832
2021-12-01,industry,6.291182814619839,-0.44997445577117534,0.05653001884702036,5.897738377695684
2022-01-01,industry,6.299503267269666,-1.0044789773640073,0.009113151716739765,5.304137441622398
2022-02-01,industry,6.307113295221124,-1.3480258080725023,-0.057260760068841066,4.901826727079781
2022-03-01,industry,6.313765616945556,-0.08932062247164042,0.0017640935126959079,6.226209087986612
2022-04-01,industry,6.319412344504072,0.002167310635653884,0.011755884893871915,6.333335540033598
2022-05-01,industry,6.323916793595832,0.4820459844567301,0.08102258923774297,6.886985367290305
2022-06-01,industry,6.32712375378645,0.7616098697447011,0.014000778667916158,7.102734402199068
2022-07-01,industry,6.3295580175260975,1.2248797992330889,-0.20162606620663492,7.352811750552552
2022-08-01,industry,6.331732091829102,0.9659811768946931,0.008856884094078588,7.306570152817874
2022-09-01,industry,6.333335191715195,0.5513510852284047,0.033942829945821984,6.918629106889421
2022-10-01,industry,6.334016262276853,-1.0012192048072595,-0.032270779548392525,5.3005262779212
2022-11-01,industry,6.333160478207094,-0.06127983956735944,0.0001204285601454913,6.27200106719988
2022-12-01,industry,6.330807508876939,-0.4573636947208328,-0.024626332376403326,5.848817481779703
2023-01-01,industry,6.327844719940166,-1.0241033341953527,-0.009297363612762233,5.294444022132051
2023-02-01,industry,6.325591699916327,-1.3726459858037088,0.04952917737217177,5.002474891484789
2023-03-01,industry,6.324552656255252,-0.10658107663590845,0.232288841245877,6.45026042086522
2023-04-01,industry,6.32453644297432,-0.019163001892795593,0.024859510601309864,6.3302329516828335
2023-05-01,industry,6.3257110450936915,0.4700194682511369,-0.05885027880937166,6.736880234535457
2023-06-01,industry,6.328307774463017,0.7786245449308337,0.004612176103245602,7.111544495497096
2023-07-01,industry,6.3322826245415085,1.2624273498462624,-0.0525519885615795,7.542157985826191
2023-08-01,industry,6.337226014773436,1.022544630701927,0.14209298405338355,7.501863629528747
2023-09-01,industry,6.343401901384136,0.5472154782378718,-0.03324000233821156,6.857377377283797
2023-10-01,industry,6.350911076056861,-1.0001417561825612,0.02120870364269134,5.371978023516991
2023-11-01,industry,6.360019389402887,-0.07281808168602416,0.13068330783946092,6.417884615556324
2023-12-01,industry,6.370506973340978,-0.4445347734811804,-0.11764995741456907,5.808322242445229
2024-01-01,industry,6.381729725531169,-1.0422164872600392,-0.020853974549528864,5.318659263721601
2024-02-01,industry,6.393699733692199,-1.3954346668880926,-0.015092466943545269,4.983172599860562
2024-03-01,industry,6.405987422249509,-0.12449378056961179,0.010556175237057985,6.292049816916955
2024-04-01,industry,6.418017210586163,-0.04583271688512014,0.10229444516034292,6.4744789388613855
2024-05-01,industry,6.429268763713376,0.4544096345329778,0.017758680741511768,6.901437078987865
2024-06-01,industry,6.439647331075863,0.7958780927744034,-0.010232543538065464,7.2252928803122005
2024-07-01,industry,6.448968577853869,1.2900487414207935,-0.15731414714751946,7.581703172127143
2024-08-01,industry,6.457099073575321,1.0794737829989816,-0.001808682745418011,7.534764173828885
2024-09-01,industry,6.464095375164744,0.5420710144087691,-0.21513096692911837,6.791035422644395
2024-10-01,industry,6.470039473122661,-1.0014480248746418,0.032421499614067706,5.501012947862087
2024-11-01,industry,6.47488658441212,-0.08430833905117054,0.04265369923393081,6.433231944594881
2024-12-01,industry,6.478836617591135,-0.4318273935232151,-0.022545940662815234,6.024463283405105
2025-01-01,industry,6.482260269900679,-1.0586320837353675,0.020432744951700776,5.444060931117012
2025-02-01,industry,6.4850294190141256,-1.4171438237601517,0.002799529234750686,5.070685124488724
2025-03-01,industry,6.48591934953675,-0.14178786296280266,-0.006057401973209586,6.338074084600738
2025-04-01,industry,6.486770725010925,-0.0740533946824729,-0.03967740286099808,6.373039927467454
2025-05-01,industry,6.4876855937098545,0.4394818899886275,0.001497169837150203,6.928664653535632
2025-06-01,industry,6.488663287895033,0.812618012935787,0.005710286933639175,7.306991587764459
2025-07-01,industry,6.489701303888004,1.3204138300887425,0.019757637464057787,7.829872771440804
2025-08-01,industry,6.490788801385186,1.1356273457476584,-0.24415769568499268,7.382258451447852
2025-09-01,industry,6.491906648396119,0.537261016483804,0.011342118845163007,7.040509783725086
2025-10-01,industry,6.493037754612676,-1.0032864367611836,-0.022876083947393155,5.466875233904099
2025-11-01,industry,6.494167028720784,-0.09678530157873505,-0.0281214887495409,6.369260238392508
2025-12-01,industry,6.495302825154452,-0.4165739769992487,0.03326492800108838,6.111993776156291
2005-01-01,total,12.390644235008814,-1.8833262201517167,-0.033007543277328466,10.47431047157977
2005-02-01,total,12.409217201425225,-2.532876033309847,-0.012642134110830483,9.863699034004547
2005-03-01,total,12.427871258279346,-0.005260669902893273,0.07255977966423721,12.49517036804069
2005-04-01,total,12.446665733890377,0.06671629143516065,0.03394923311851272,12.54733125844405
2005-05-01,total,12.465610692762331,0.9523538771974176,0.0027149064768483555,13.420679476436597
2005-06-01,total,12.484667886163642,1.5544724982251004,-0.017331168811915987,14.021809215576827
2005-07-01,total,12.503763032849935,2.327421317220864,-0.07864019999931493,14.752544150071484
2005-08-01,total,12.522794848782095,1.997701690624748,0.02817271540214783,14.54866925480899
2005-09-01,total,12.541649598412985,0.9636334373472006,-0.03840290619127629,13.466880129568908
2005-10-01,total,12.560111927541886,-1.88785552281922,0.06149928794808446,10.733755692670751
2005-11-01,total,12.578102132910537,-0.22789249727024488,-0.044373548589769385,12.305836087050523
2005-12-01,total,12.599568474571381,-1.1867210412250704,-0.04353257159946722,11.369314861746844
2006-01-01,total,12.622847684647269,-1.9313369568921135,0.09742184593589975,10.788932573691055
2006-02-01,total,12.646908402191377,-2.6586907515873457,-0.00205967792641637,9.986157972677615
2006-03-01,total,12.671464932163305,-0.07303426621757858,-0.046339612342720216,12.552091053603005
2006-04-01,total,12.696379574963178,0.025943654400204574,-0.07060758656792387,12.651715642795459
2006-05-01,total,12.721506993359704,1.011782458870144,-0.0053887730244301935,13.727900679205417
2006-06-01,total,12.747353146983416,1.5920639832511698,-0.005540956764976457,14.33387617346961
2006-07-01,total,12.77390048757185,2.401988103911959,0.22651425713116957,15.40240284861498
2006-08-01,total,12.801457837376976,2.0397857179409327,-0.02429535609837785,14.816948199219532
2006-09-01,total,12.829661696144546,0.9658820499909014,-0.00988248155075766,13.78566126458469
2006-10-01,total,12.858889896737118,-1.9684911015342264,-0.10912830776379856,10.781270487439093
2006-11-01,total,12.888860579908338,-0.1840529866508975,0.08051868478044355,12.785326278037884
2006-12-01,total,12.918358386083034,-1.0913375143121793,0.018931337299742168,11.845952209070596
2007-01-01,total,12.947204044544797,-1.975106320554752,-0.06075701790666166,10.911340706083383
2007-02-01,total,12.975345252251474,-2.784479755651033,0.046155810211635284,10.237021306812077
2007-03-01,total,13.00251296699088,-0.1342044406189029,-0.061913383945597644,12.806395142426378
2007-04-01,total,13.028626889628882,-0.012930390343716274,0.07174494781266105,13.087441447097827
2007-05-01,total,13.053453649467562,1.0664003439098488,-0.3058834307863396,13.813970562591072
2007-06-01,total,13.076300989509408,1.6302327492373931,0.09505007527658194,14.801583814023383
2007-07-01,total,13.09701846709749,2.478338800474205,0.016504391040941258,15.591861658612636
2007-08-01,total,13.115931416676542,2.0829045890343787,-0.04428413757335292,15.154551868137567
2007-09-01,total,13.134128533831364,0.9621329534611225,0.1322805306329915,14.228542017925477
2007-10-01,total,13.15105362416748,-2.0455079244577066,0.025414316285855776,11.130960015995628
2007-11-01,total,13.166404286974885,-0.14232223165390556,-0.06919930268081664,12.954882752640163
2007-12-01,total,13.181408773728322,-1.00387258393408,0.03368498598108616,12.211221175775329
2008-01-01,total,13.197096187544949,-2.025813426724734,-0.028688703270868032,11.142594057549347
2008-02-01,total,13.214287681990003,-2.907992450631413,-0.02133558452633011,10.28495964683226
2008-03-01,total,13.234213934241646,-0.18777912568511887,-0.037899271755399866,13.008535536801128
2008-04-01,total,13.258100944817848,-0.0418675732496539,-0.12083566497992493,13.095397706588269
2008-05-01,total,13.285547168880763,1.1185881425866873,0.11239632978658243,14.516531641254032
2008-06-01,total,13.314696881220463,1.6696984218352346,-0.11387291922298459,14.870522383832714
2008-07-01,total,13.344393510404378,2.5416841937641537,-0.06374240844103873,15.822335295727493
2008-08-01,total,13.374184463725037,2.125749874742298,0.05983787576562705,15.55977221423296
2008-09-01,total,13.40451227543717,0.9520328233641764,-0.02487487943082023,14.331670219370526
2008-10-01,total,13.435674511072625,-2.112575708008884,0.3838509895191411,11.706949792582881
2008-11-01,total,13.467126538905607,-0.11621162189088668,0.10469423738095429,13.455609154395674
2008-12-01,total,13.497987052780939,-0.9338071233916677,0.050573807218031064,12.614753736607302
2009-01-01,total,13.527542858778405,-2.084287002947169,0.04932143381469878,11.492577289645935
2009-02-01,total,13.55504997848096,-2.999812842654388,-0.14059728785314007,10.414639847973433
2009-03-01,total,13.58031141353186,-0.18500639920272183,0.0061896332238333684,13.40149464755297
2009-04-01,total,13.603293502832843,-0.01594143059186758,-0.0017597744499990853,13.585592297790976
2009-05-01,total,13.625663171855825,1.1100023714117213,0.06092839131961192,14.796593934587158
2009-06-01,total,13.649333904225118,1.7009935255595061,-0.0011642576349650824,15.349163172149659
2009-07-01,total,13.674527851682399,2.608974889768161,0.012345011752762147,16.29584775320332
2009-08-01,total,13.7010050656317,2.1857494045901187,-0.08026799928780903,15.80648647093401
2009-09-01,total,13.728390235975057,0.903068117527278,0.01121748265231659,14.642675836154652
2009-10-01,total,13.75609076929267,-2.1254242940466224,-0.13089545523648916,11.49977102000956
2009-11-01,total,13.783069078585143,-0.11048064995998014,-0.025589223920007953,13.646999204705155
2009-12-01,total,13.809585951461319,-0.9379252801399526,0.08907099759185044,12.960731668913217
2010-01-01,total,13.836074292381355,-2.15111664440082,0.04368414423893441,11.72864179221947
2010-02-01,total,13.863171216419712,-3.066585626504188,0.04605676573609685,10.84264235565162
2010-03-01,total,13.890778072434006,-0.15456050186933426,-0.024028400919643644,13.712189169645029
2010-04-01,total,13.917515725779461,0.02320676050478911,-0.3651251809016447,13.575597305382606
2010-05-01,total,13.942318205806622,1.0073611388903985,-0.021163061672966776,14.928516283024054
2010-06-01,total,13.96530674266668,1.7345830406391745,0.09321511775261726,15.793104901058472
2010-07-01,total,13.987316066348797,2.738436121952032,-0.10920796977530678,16.61654421852552
2010-08-01,total,14.008818098337183,2.220363896859733,0.11873269482889626,16.347914690025814
2010-09-01,total,14.030255571248544,0.9079914849786624,-0.11821870832428694,14.82002834790292
2010-10-01,total,14.052043676658025,-2.1389948838427792,0.0700622788875016,11.983111071702748
2010-11-01,total,14.074254769728494,-0.12119417218783868,0.025521389350471324,13.978581986891127
2010-12-01,total,14.096151906361253,-0.9736679752383294,-0.0761996370615119,13.046284294061412
2011-01-01,total,14.117089898758204,-2.2071572227455496,-0.0785292483717992,11.831403427640856
2011-02-01,total,14.137719075872756,-3.1217120924371424,0.057483895780842786,11.073490879216456
2011-03-01,total,14.158268373729776,-0.14007462689290673,0.051094429771389116,14.069288176608257
2011-04-01,total,14.178966795394643,0.050682023214637946,0.10783324479097622,14.337482063400257
2011-05-01,total,14.199560652539237,0.9222283825384012,-0.13659609230719028,14.985192942770448
2011-06-01,total,14.220036683133289,1.764981562539871,-0.033325246008944376,15.951692999664216
2011-07-01,total,14.240438101477231,2.850627579711957,0.12792079173541993,17.21898647292461
2011-08-01,total,14.26119853815694,2.247607223557943,-0.04088563370557807,16.467920128009304
2011-09-01,total,14.282284119320845,0.9772716617706736,-0.06788636793493907,15.19166941315658
2011-10-01,total,14.303309229341643,-2.154293666710777,0.1123861175458778,12.261401680176744
2011-11-01,total,14.325566877527505,-0.10811282590365957,-0.10712668987533291,14.110327361748512
2011-12-01,total,14.350109581796803,-1.0158071976398728,0.0126401364378399,13.34694252059477
2012-01-01,total,14.376759475740274,-2.2724720453093905,0.4251319035144103,12.529419333945294
2012-02-01,total,14.403988301194602,-3.1759134392932173,-0.042928052040075215,11.185146809861308
2012-03-01,total,14.431383630751272,-0.14415889005265495,0.020562568504114864,14.307787309202732
2012-04-01,total,14.459917029938426,0.04446491871470109,-0.061554653213930166,14.442827295439196
2012-05-01,total,14.489787178706145,0.8685021072930083,0.066885976466029,15.425175262465181
2012-06-01,total,14.519030844715337,1.791158526308698,-0.29132890638984676,16.018860464634187
2012-07-01,total,14.546499038373252,2.9355147643613675,0.05387683578826241,17.535890638522883
2012-08-01,total,14.572529841592212,2.271749132048875,0.0028563304853985727,16.84713530412649
2012-09-01,total,14.59718989635274,1.0686445924099162,0.07755681101539658,15.743391299778052
2012-10-01,total,14.621820570137235,-2.1674700623713985,-0.12239136689312957,12.331959140872707
2012-11-01,total,14.646423840360928,-0.10188973299057885,0.2470942492223216,14.791628356592671
2012-12-01,total,14.67025751202787,-1.048573072726952,-0.4760689192122616,13.145615520088656
2013-01-01,total,14.693366774916957,-2.318113578807166,0.06448180752892974,12.43973500363872
2013-02-01,total,14.715278927714836,-3.208206176690784,-0.11415572041991418,11.392917030604139
2013-03-01,total,14.736260332186195,-0.1582640128150091,-0.02884767479024397,14.549148644580942
2013-04-01,total,14.75652315520728,-0.02448304305597785,0.035548138176128674,14.76758825032743
2013-05-01,total,14.776500020299592,0.8714446671702498,-0.07300988458377411,15.574934802886068
2013-06-01,total,14.796806887220866,1.8020472132866565,0.11008953825798962,16.70894363876551
2013-07-01,total,14.81795196553331,2.9552611934913315,0.014053387045878551,17.78726654607052
2013-08-01,total,14.839728355516675,2.3156626544818937,-0.07137636619268939,17.08401464380588
2013-09-01,total,14.862313539966602,1.1220181257124224,0.15374464476327354,16.138076310442298
2013-10-01,total,14.885266216030935,-2.1488701227639306,-0.11952217671875331,12.61687391654825
2013-11-01,total,14.908174638210783,-0.10109491634014288,-0.0028644202997263335,14.804215301570913
2013-12-01,total,14.931106240694248,-1.0847854613389727,0.0345639258995174,13.880884705254793
2014-01-01,total,14.954537013323504,-2.344411565594687,-0.11736938130063912,12.492756066428178
2014-02-01,total,14.979186946010614,-3.2149694681981003,0.104596999707109,11.868814477519622
2014-03-01,total,15.00526330253938,-0.16816830517074305,-0.014817092699829004,14.822277904668807
2014-04-01,total,15.032502373789663,-0.04920527802161633,-0.047665123849997215,14.935631971918049
2014-05-01,total,15.059925947862135,0.9190694628724967,-0.010142755861794583,15.968852654872837
2014-06-01,total,15.08615818469917,1.817776653961135,-0.008913531478835779,16.89502130718147
2014-07-01,total,15.110193322039537,2.9368909913884282,-0.018735931655376348,18.028348381772588
2014-08-01,total,15.131098400296068,2.3570722171854666,0.13641712433087427,17.624587741812412
2014-09-01,total,15.149504701011981,1.122350916697777,-0.04505553751247504,16.226800080197282
2014-10-01,total,15.165603510675686,-2.10543374310001,0.1196543155165255,13.179824083092202
2014-11-01,total,15.179606714752548,-0.14617004715919577,0.0539327589196148,15.087369426512968
2014-12-01,total,15.191331112155963,-1.1632738963882936,0.0011245783778424112,14.029181794145511
2015-01-01,total,15.201257603869545,-2.391072726517419,0.11664591893646481,12.92683079628859
2015-02-01,total,15.211622956811855,-3.203301200755079,-0.0597425960685527,11.948579159988224
2015-03-01,total,15.222457432409618,-0.14981286593568416,-0.022063573803341896,15.050580992670591
2015-04-01,total,15.233017717661145,-0.015787977592394135,-0.12257721322099435,15.094652526847756
2015-05-01,total,15.244293301397473,0.961093664813562,0.4285239725492058,16.633910938760238
2015-06-01,total,15.258661039278854,1.7866907988046956,0.0010376412244550437,17.046389479308004
2015-07-01,total,15.277255330001674,2.9374516253168,0.46007050906912106,18.674777464387596
2015-08-01,total,15.30084930422042,2.4250694129367387,-0.08417520522280952,17.64174351193435
2015-09-01,total,15.328736343819106,1.1338007938712935,-0.05407796090699257,16.40845917678341
2015-10-01,total,15.359266812748224,-2.0919287650742526,0.13699814673229938,13.404336194406271
2015-11-01,total,15.391642558258734,-0.20007700756686936,-0.1057690458338385,15.085796504858026
2015-12-01,total,15.424418731355559,-1.2302168496427974,0.43368469001682897,14.62788657172959
2016-01-01,total,15.456736043105954,-2.4241129191196653,-0.07782833333107853,12.95479479065521
2016-02-01,total,15.487845338065748,-3.24518198983834,0.1905842224835741,12.433247570710982
2016-03-01,total,15.51831487461634,-0.09178477477776541,-0.0076421703591140755,15.41888792947946
2016-04-01,total,15.54815197199516,0.014634683677878641,0.16398030304430478,15.726766958717343
2016-05-01,total,15.577627669730708,0.9914683314532113,0.11019968428468374,16.679295685468603
2016-06-01,total,15.606184296937746,1.8000156245783254,-0.11409407742599065,17.29210584409008
2016-07-01,total,15.633462579132033,2.9399539956298413,-0.023995836671323545,18.549420738090554
2016-08-01,total,15.659667420519812,2.5100624682911494,-0.05982613234254863,18.109903756468412
2016-09-01,total,15.684231126114195,1.1791126734341284,0.4376649795999583,17.301008779148283
2016-10-01,total,15.708403098786992,-2.1772967886118604,0.010498871200377735,13.541605181375509
2016-11-01,total,15.73407211864919,-0.2371289994578526,0.014007697764402138,15.51095081695574
2016-12-01,total,15.763072357153295,-1.2695235057241578,-0.11880849585201148,14.374740355577126
2017-01-01,total,15.795267829111395,-2.476274746745194,0.09287421107795346,13.411867293444155
2017-02-01,total,15.829700187751984,-3.3355897262765346,-0.01837192984926972,12.47573853162618
2017-03-01,total,15.864620061697877,-0.04287082901196553,-0.4514113798068333,15.370337852879079
2017-04-01,total,15.898305355715623,0.044809851989090134,0.0313999242865588,15.974515131991271
2017-05-01,total,15.929937184396795,1.0293468894091786,-0.1391640917555108,16.820119982050464
2017-06-01,total,15.95974987503274,1.8602458841829914,-0.009403985962896044,17.81059177325284
2017-07-01,total,15.98863179960518,2.941830439280396,0.08466234400924577,19.01512458289482
2017-08-01,total,16.016490675179956,2.569360675734671,0.13955808320115892,18.725409434115786
2017-09-01,total,16.042408221990584,1.248322852692544,0.03983823908726691,17.330569313770397
2017-10-01,total,16.06628935512702,-2.31451634257959,-0.2612134943936759,13.490559518153752
2017-11-01,total,16.088130675613442,-0.24152658242498237,0.016935846690945056,15.863539939879406
2017-12-01,total,16.108283194285615,-1.2628110441240756,0.06693259547743935,14.912404745638979
2018-01-01,total,16.126862984934263,-2.5034781425452914,-0.1083236635934064,13.515061178795566
2018-02-01,total,16.14384293470316,-3.422537590921358,-0.5116092010031501,12.20969614277865
2018-03-01,total,16.159113889336716,-0.019994010651722627,0.09336805921133617,16.23248793789633
2018-04-01,total,16.17417341795112,0.006509634678201783,0.009443151662075877,16.1901262042914
2018-05-01,total,16.189956727158,1.1098656559668414,-0.08547077623677168,17.21435160688807
2018-06-01,total,16.20551364842624,1.9100820548786843,0.08369276798999437,18.19928847129492
2018-07-01,total,16.220162743696623,2.9777012708703774,-0.17744985200464214,19.020414162562357
2018-08-01,total,16.234472530374482,2.5574181607474444,0.15569657852849872,18.947587269650427
2018-09-01,total,16.25009134290793,1.3393569628689428,-0.07737329818532501,17.512075007591548
2018-10-01,total,16.267136881129247,-2.4696490653504672,0.126252918354389,13.923740734133169
2018-11-01,total,16.285181844524185,-0.21291807280377395,-0.08128558799641183,15.990978183724
2018-12-01,total,16.303729547357587,-1.2292752469449126,0.43311371129636456,15.50756801170904
2019-01-01,total,16.322836498514164,-2.5283989271972294,0.008430759721168357,13.802868331038102
2019-02-01,total,16.341822223043362,-3.488927248353203,-0.11315152605556023,12.739743448634599
2019-03-01,total,16.36114157278489,-0.03785708401197494,0.0011761193152359795,16.324460608088152
2019-04-01,total,16.381993499665846,-0.048971011142503,-0.010175923291267708,16.322846565232076
2019-05-01,total,16.40511471456414,1.2117457734225203,0.15843644048381478,17.775296928470475
2019-06-01,total,16.431355067636673,1.9444727100291843,0.40119757365157227,18.77702535131743
2019-07-01,total,16.459039666826985,3.046183701305289,-0.015104455652860338,19.490118912479414
2019-08-01,total,16.486057159996903,2.5059202900402453,-0.19841229796052673,18.79356515207662
2019-09-01,total,16.510527522239165,1.4202651091358935,0.052562206151513635,17.983354837526573
2019-10-01,total,16.532260237479125,-2.591874320787326,-0.07993738816256979,13.86044852852923
2019-11-01,total,16.551379833465887,-0.19197929392453827,0.055799143720218325,16.415199683261566
2019-12-01,total,16.568400693075233,-1.214269844303496,0.0371312493075564,15.391262098079293
2020-01-01,total,16.584999815552262,-2.5670107832401463,0.12261334504699661,14.140602377359112
2020-02-01,total,16.60255192270133,-3.5414359350789644,0.13345896831831539,13.19457495594068
2020-03-01,total,16.62140097280991,-0.12235240822894254,-0.04509537953269671,16.45395318504827
2020-04-01,total,16.63977378150396,-0.055745796885939586,-0.1328784382914563,16.451149546326562
2020-05-01,total,16.65631969449736,1.323672353073671,0.013855805603046889,17.993847853174078
2020-06-01,total,16.67142895198993,1.9681217265595217,-0.0516576515478242,18.587893027001627
2020-07-01,total,16.686157834381508,3.1960464351961066,-0.06129499855502729,19.820909271022586
2020-08-01,total,16.701602630722405,2.4663596035277,0.6136191014440406,19.781581335694145
2020-09-01,total,16.719338417505945,1.4832569707119332,0.06386944254576576,18.266464830763645
2020-10-01,total,16.740365953442563,-2.7026477507034943,-0.0040117329980944305,14.033706469740974
2020-11-01,total,16.76498706153799,-0.19129815214441875,0.052537753084763494,16.626226662478334
2020-12-01,total,16.791687273299107,-1.223089182415681,-0.0841619337997237,15.484436157083703
2021-01-01,total,16.81839600525639,-2.6153716139128753,-0.05907717296011583,14.143947218383397
2021-02-01,total,16.844425019922024,-3.5860902705293203,0.0252958953889042,13.283630644781608
2021-03-01,total,16.87007736789559,-0.1826487173397319,-0.013429244205649837,16.67399940635021
2021-04-01,total,16.896450369878345,-0.02945121387544059,0.0234052909660889,16.890404446968994
2021-05-01,total,16.924768232963412,1.3569659668897016,-0.015992768761527998,18.265741431091588
2021-06-01,total,16.9541181301071,2.008210859059057,-0.018575123586241915,18.943753865579918
2021-07-01,total,16.983727917417113,3.293423287238543,0.1467968881570343,20.42394809281269
2021-08-01,total,17.013840950042567,2.480596177112659,-0.06246101616910593,19.43197611098612
2021-09-01,total,17.044844023567435,1.514134264249316,-0.042520415021897406,18.516457872794852
2021-10-01,total,17.076092556913167,-2.748996488053491,0.3838328005933249,14.710928869453001
2021-11-01,total,17.10727016194773,-0.1987258298651219,-0.28232807208717503,16.626216259995434
2021-12-01,total,17.13821090939797,-1.2645730985686872,0.15282517203942447,16.026462982868708
2022-01-01,total,17.16847290614432,-2.701460209298168,0.025166105400838745,14.49217880224699
2022-02-01,total,17.196843107663796,-3.6468407932078066,-0.15703311478445414,13.392969199671535
2022-03-01,total,17.222668167544423,-0.2146274510560498,0.0034595239122054977,17.01150024040058
2022-04-01,total,17.24576210951533,0.025854072619529333,0.03257928243781194,17.304195464572672
2022-05-01,total,17.265676099458325,1.3275749737187357,0.22364883745218478,18.816899910629246
2022-06-01,total,17.281939821562517,2.0866435563109254,0.037794770211441175,19.406378148084883
2022-07-01,total,17.296120714915475,3.3435934894837045,-0.5500646127255422,20.089649591673638
2022-08-01,total,17.30986532189496,2.6297484215187454,0.023692685050427542,19.963306428464133
2022-09-01,total,17.3223811397653,1.4880467837993623,0.09293029198020264,18.903358215544866
2022-10-01,total,17.3325304134681,-2.761753842898708,-0.08846433581201296,14.482312234757378
2022-11-01,total,17.338515733173985,-0.2033560626816964,0.0014552672123002708,17.13661493770459
2022-12-01,total,17.340393406064845,-1.2889863818912157,-0.0710313908957545,15.980375633277873
2023-01-01,total,17.3405028087481,-2.767915205232011,-0.027411718537926788,14.54517588497816
2023-02-01,total,17.34237460343114,-3.7328889990903527,0.13357728435368443,13.743062888694471
2023-03-01,total,17.3472688144248,-0.26190558921216417,0.6351324365049997,17.720495661717635
2023-04-01,total,17.354785132043126,-0.05077376149858085,0.08673849671598077,17.390749867260528
2023-05-01,total,17.365602308137788,1.3044558427765447,-0.1621454186740685,18.507912732240264
2023-06-01,total,17.380509158003434,2.1466195532394163,0.01008144122169341,19.537210152464546
2023-07-01,total,17.399110471916448,3.4681922921507216,-0.14708851729192318,20.720214246775246
2023-08-01,total,17.4196930475932,2.8026137390014614,0.38720867914365087,20.609515465738312
2023-09-01,total,17.44327915947831,1.4849442846815497,-0.08927460546811261,18.838948838691746
2023-10-01,total,17.470465602676214,-2.773255570738119,0.060971351350339376,14.758181383288434
2023-11-01,total,17.50210225714141,-0.2381962393232115,0.3676451238200542,17.63155114163825
2023-12-01,total,17.53772677290482,-1.2605753796313526,-0.32022215578657764,15.95692923748689
2024-01-01,total,17.575676073916455,-2.830834869624433,-0.05241229898373234,14.69242890530829
2024-02-01,total,17.616126095679228,-3.8147903785585737,-0.03566555175999042,13.765670165360664
2024-03-01,total,17.65791628003805,-0.31139964249663216,0.034836447864528,17.381353085405948
2024-04-01,total,17.699355241174164,-0.13191385691041754,0.3178595518174241,17.88530093608117
2024-05-01,total,17.738786421733685,1.2707515785007477,0.05520531188674127,19.064743312121173
2024-06-01,total,17.775881755996515,2.206575276027058,-0.023084434476061233,19.959372597547514
2024-07-01,total,17.81025498613841,3.5635738000763206,-0.4298973714988712,20.94393141471586
2024-08-01,total,17.84166409006559,2.9761672601226383,-0.003565676627776071,20.814265673560453
2024-09-01,total,17.870252352736756,1.4789603015556374,-0.5894462933962821,18.759766360896112
2024-10-01,total,17.896253324096282,-2.792219395953326,0.09213443611694672,15.196168364259902
2024-11-01,total,17.919288271097276,-0.2736791572228619,0.1257498490948663,17.77135896296928
2024-12-01,total,17.93964616720866,-1.2324848042780692,-0.06499759661815219,16.64216376631244
2025-01-01,total,17.95819720219513,-2.8890839905881878,0.05327826371809152,15.122391475325035
2025-02-01,total,17.97462326163144,-3.893803016381322,0.004416211663006209,14.085236456913123
2025-03-01,total,17.985622577563444,-0.35909876803115615,-0.020762463419128352,17.60576134611316
2025-04-01,total,17.996470447719087,-0.21777951872018683,-0.07580224158930804,17.702888687409594
2025-05-01,total,18.007502049477086,1.239194809609675,-0.00040615482111761025,19.246290704265643
2025-06-01,total,18.018701244680805,2.2653145970309114,0.013183013189557613,20.297198854901275
2025-07-01,total,18.030049957313565,3.666426665830144,0.05316996419185571,21.749646587335565
2025-08-01,total,18.04151451641184,3.1478838126084163,-0.6831248527762241,20.506273476244033
2025-09-01,total,18.053041377851883,1.4738278946362589,0.030102348970430626,19.556971621458572
2025-10-01,total,18.064583802549823,-2.813035584529822,-0.06578367939750507,15.185764538622497
2025-11-01,total,18.076102116677973,-0.3109559947608227,-0.07275657082685427,17.692389551090297
2025-12-01,total,18.08762213215994,-1.1979409354418478,0.08807929260494163,16.977760489323032
2005-01-01,transport,3.1002173823181267,-0.4647672878641994,-0.008220130092413847,2.6272299643615136
2005-02-01,transport,3.1062083139774934,-0.6290746667937583,-0.0030609402600498825,2.4740727069236854
2005-03-01,transport,3.1122186676443966,0.003799665755125617,0.01809594455613217,3.1341142779556543
2005-04-01,transport,3.118262785007496,0.02047235386793986,0.008462449395233218,3.147197588270669
2005-05-01,transport,3.1243426140500103,0.24157773550467618,0.00033572603669362877,3.36625607559138
2005-06-01,transport,3.130448020902516,0.39113771401678077,-0.00455065889412154,3.5170350760251754
2005-07-01,transport,3.1365601115136754,0.5831250406848683,-0.01936271600591999,3.7003224361926237
2005-08-01,transport,3.1426535992310396,0.49963183203439093,0.006899869430968764,3.6491853006963995
2005-09-01,transport,3.148700513593157,0.23881370085768805,-0.009669811340280887,3.377844403110564
2005-10-01,transport,3.154648833587038,-0.4782740720730636,0.01593082389296141,2.692305585406936
2005-11-01,transport,3.1604816278518477,-0.06307787221467627,-0.01077944827651578,3.0866243073606556
2005-12-01,transport,3.1671445086154266,-0.3051687141335248,-0.010255410587559854,2.851720383894342
2006-01-01,transport,3.1742481616815637,-0.4797580949983604,0.02454098251123682,2.71903104919444
2006-02-01,transport,3.181533372186775,-0.6643084844968978,-0.0005094105644412039,2.516715477125436
2006-03-01,transport,3.188930112886481,-0.014054194124775574,-0.011492972955963854,3.1633829458057416
2006-04-01,transport,3.1964067870032333,0.009725005626980981,-0.017641418501296968,3.1884903741289174
2006-05-01,transport,3.203929693384946,0.25733891676351234,-0.001557658016055452,3.459710952132403
2006-06-01,transport,3.2116281329327934,0.4020060153241584,-0.0012050126804195038,3.6124291355765323
2006-07-01,transport,3.2195036201873184,0.6044779367727118,0.05773809338878921,3.881719650348819
2006-08-01,transport,3.227641569134084,0.5124647381308263,-0.005933168930010169,3.7341731383349
2006-09-01,transport,3.2359599040934337,0.24066571639435708,-0.002357822810828303,3.4742677976769625
2006-10-01,transport,3.24455575355036,-0.4998707552081811,-0.027584951151726766,2.7171000471904523
2006-11-01,transport,3.2533516213852467,-0.051340810123075974,0.020152167941008603,3.2221629792031794
2006-12-01,transport,3.2620294214493244,-0.2810385156505031,0.004430649460474001,2.985421555259295
2007-01-01,transport,3.2705304694215385,-0.4936825690632555,-0.015306308701171556,2.7615415916571115
2007-02-01,transport,3.278825584571083,-0.6995166779141668,0.011569783225830133,2.590878689882746
2007-03-01,transport,3.2868373559422204,-0.03027075394459789,-0.015407355151922264,3.2411592468457
2007-04-01,transport,3.2945456026213513,-0.0005511241519338525,0.018294529643752888,3.3122890081131704
2007-05-01,transport,3.3019022964431675,0.27179477896372883,-0.07753145450810806,3.4961656208987884
2007-06-01,transport,3.3087459627098115,0.412987005311697,0.024386819259553327,3.746119787281062
2007-07-01,transport,3.3150430391842445,0.626223316952046,0.004864153528467252,3.9461305096647576
2007-08-01,transport,3.3208732475896454,0.5255121026955153,-0.010933189630479845,3.8354521606546808
2007-09-01,transport,3.326501527826325,0.24098935372361743,0.033598263181393584,3.601089144731336
2007-10-01,transport,3.3317789100561805,-0.5204540309534285,0.005799969918467873,2.81712484902122
2007-11-01,transport,3.336630651399286,-0.04011951894512454,-0.017771287357825294,3.2787398450963363
2007-12-01,transport,3.3413779176383827,-0.2588619535427346,0.008011228683399096,3.090527192779047
2008-01-01,transport,3.34629706737736,-0.509375201714274,-0.0070843426929805275,2.8298375229701054
2008-02-01,transport,3.3516067059658847,-0.7341399262187633,-0.005439043609665628,2.6120277361374558
2008-03-01,transport,3.3576129583010137,-0.04464024102558383,-0.009249922493280938,3.303722794782149
2008-04-01,transport,3.364609816800841,-0.00835581377960403,-0.03047119006731247,3.3257828129539244
2008-05-01,transport,3.3724853065893927,0.2858289378218445,0.02838794806173306,3.6867021924729704
2008-06-01,transport,3.3807665745880118,0.4242288900996236,-0.028391739325696275,3.776603725361939
2008-07-01,transport,3.389160649981938,0.6447364618150145,-0.015565483666950541,4.018331628130002
2008-08-01,transport,3.3975521389960925,0.5384229054451658,0.015674547501984826,3.951649591943243
2008-09-01,transport,3.4060551370020695,0.2397006598971885,-0.006002078497378882,3.639753718401879
2008-10-01,transport,3.414748472639093,-0.538421893879399,0.09683798520758824,2.9731645639672823
2008-11-01,transport,3.423498075364397,-0.03278052221633389,0.02654663891238629,3.417264192060449
2008-12-01,transport,3.4320797095267945,-0.24095756426421383,0.01259354988945871,3.2037156951520394
2009-01-01,transport,3.440311352305239,-0.5268743185339909,0.01252553640181775,2.925962570173066
2009-02-01,transport,3.4480018342571923,-0.7602842626005092,-0.03619340879921573,2.6515241628574673
2009-03-01,transport,3.4550985205401035,-0.04494210901384047,0.0018086103180876556,3.4119650218443507
2009-04-01,transport,3.461591917207913,-0.002190988207782742,-0.000565408026005354,3.458835520974125
2009-05-01,transport,3.4679006920572375,0.2837818880930889,0.015468941002128034,3.7671515211524547
2009-06-01,transport,3.474505772479667,0.43308985467050226,0.0002377328787206423,3.90783336002889
2009-07-01,transport,3.481468155151235,0.6635117401308034,0.0038754374612355313,4.148855332743274
2009-08-01,transport,3.488738447967068,0.5552790288564377,-0.019751499376707837,4.024265977446797
2009-09-01,transport,3.496217756715243,0.22859146023367646,0.0031553939452533264,3.7279646108941726
2009-10-01,transport,3.5037506912415974,-0.5419402730026919,-0.03401635411514459,2.927794064123761
2009-11-01,transport,3.511073640957286,-0.030125893289632742,-0.006478282570057559,3.4744694650975956
2009-12-01,transport,3.5182524212615403,-0.24099393045392975,0.022490102526852684,3.299748593334463
2010-01-01,transport,3.5253922048318462,-0.5463530590520029,0.011063056227329948,2.9901022020071735
2010-02-01,transport,3.5326509011414764,-0.7796620632775808,0.011236496796533935,2.7642253346604297
2010-03-01,transport,3.540010516243682,-0.03830834134978357,-0.005914021683046222,3.495788153210852
2010-04-01,transport,3.5471262767214515,0.006938182656507771,-0.0930990624028949,3.4609653969750642
2010-05-01,transport,3.5537259903864693,0.25709309663741714,-0.004940264790443294,3.805878822233443
2010-06-01,transport,3.559837116107794,0.44243230553406565,0.024027789729362592,4.026297211371222
2010-07-01,transport,3.565672707286718,0.6974765359352235,-0.02692425334094617,4.236224989880995
2010-08-01,transport,3.5713519826849267,0.5653293116799997,0.031059231677811105,4.167740526042738
2010-09-01,transport,3.57697948804975,0.2310391197419675,-0.029797720675033723,3.778220887116684
2010-10-01,transport,3.582652434548235,-0.5452251987071322,0.01754941338730731,3.0549766492284105
2010-11-01,transport,3.5883891383592252,-0.0319924545901232,0.007305705681351249,3.5637023894504534
2010-12-01,transport,3.594013184146038,-0.2486322441338316,-0.01935870429495168,3.3260222357172546
2011-01-01,transport,3.5993731878800066,-0.5622777853152593,-0.020355259152206262,3.016740143412541
2011-02-01,transport,3.604637135937323,-0.7954202073853852,0.014272665675003182,2.823489594226941
2011-03-01,transport,3.609858383252219,-0.03582803599595747,0.013319766463649518,3.587350113719911
2011-04-01,transport,3.6150951839226173,0.013095550805322136,0.0275427512141615,3.655733485942101
2011-05-01,transport,3.6202860084355724,0.2349393195220906,-0.034340224705636135,3.820885103252027
2011-06-01,transport,3.62541655026213,0.4503061647056865,-0.008401967958579615,4.067320747009237
2011-07-01,transport,3.6304878523894355,0.7261718315653257,0.0337922213866908,4.390451905341452
2011-08-01,transport,3.6356095595154896,0.5729357260943199,-0.009598302480609,4.198946983129201
2011-09-01,transport,3.6407838532572914,0.24955387222722902,-0.016805794601819635,3.8735319308827005
2011-10-01,transport,3.645924363054483,-0.5478306956558209,0.02828630005974997,3.126379967458412
2011-11-01,transport,3.6513624876094175,-0.02766946436404632,-0.025878845982812315,3.597814177262559
2011-12-01,transport,3.65736604134598,-0.257416376123156,0.003218652039650216,3.4031683172624745
2012-01-01,transport,3.663881402523882,-0.5801039918619898,0.10752935002034869,3.191306760682241
2012-02-01,transport,3.6705032049748176,-0.8099684408524933,-0.011621044966434457,2.84891371915589
2012-03-01,transport,3.6771154816740705,-0.03804640181757613,0.005197039209100751,3.644266119065595
2012-04-01,transport,3.683966193713298,0.010540670177425441,-0.015845374253460776,3.6786614896372627
2012-05-01,transport,3.6910949281486554,0.22048526314454078,0.017290316412371,3.9288705077055672
2012-06-01,transport,3.697994272542043,0.4561672431315035,-0.07407637072889184,4.080085144944655
2012-07-01,transport,3.7043844440357487,0.7473170915715273,0.01477890197266074,4.4664804375799365
2012-08-01,transport,3.7103884144129506,0.5789876216378154,0.0016749186033195862,4.291050954654086
2012-09-01,transport,3.716045640721961,0.27321692979795464,0.020659178601346362,4.009921749121262
2012-10-01,transport,3.721690251912148,-0.5495011374224368,-0.031176468189205497,3.141012646300506
2012-11-01,transport,3.7273077927847984,-0.024525853793063854,0.06472095302213088,3.7675028920138653
2012-12-01,transport,3.7326845880231354,-0.2635343440439193,-0.12089518407146604,3.3482550599077503
2013-01-01,transport,3.737828894600745,-0.5924761320199755,0.016084611035855456,3.161437373616625
2013-02-01,transport,3.742642121656685,-0.8179940418960504,-0.02924928834508478,2.89539879141555
2013-03-01,transport,3.747225515924074,-0.04278313847219929,-0.006918092101133588,3.697524285350741
2013-04-01,transport,3.7516497460267537,-0.008043858704681066,0.009432694216088944,3.7530385815381617
2013-05-01,transport,3.756020513326881,0.2202242808502911,-0.01802695729532111,3.958217836881851
2013-06-01,transport,3.7604621037675923,0.45782358984552923,0.028129433220009936,4.246415126833131
2013-07-01,transport,3.7650627075835867,0.7512829739146182,0.004114699432686386,4.520460380930891
2013-08-01,transport,3.7697525334243425,0.589239750771125,-0.0172565180763935,4.341735766119074
2013-09-01,transport,3.7745900349544512,0.28693295093270965,0.03981177495667998,4.101334760843841
2013-10-01,transport,3.779485892467815,-0.5425801481501347,-0.030450242949121797,3.2064555013685587
2013-11-01,transport,3.78434068010369,-0.02263715534221023,0.0006434647654893766,3.762346989526969
2013-12-01,transport,3.7891714073469664,-0.27039371759935205,0.008913830467214723,3.5276915202148293
2014-01-01,transport,3.7940979703943474,-0.5992155776626383,-0.0302424078128416,3.1646399849188676
2014-02-01,transport,3.799301532117302,-0.8187101650961378,0.025992982294600786,3.006584349315765
2014-03-01,transport,3.804836825189261,-0.04629209794691509,-0.00379492861719255,3.754749798625153
2014-04-01,transport,3.8106386991159864,-0.015181929973038957,-0.011992344876929018,3.7834644242660183
2014-05-01,transport,3.8164574367221915,0.23096542394618833,-0.0022250391329818875,4.045197821535398
2014-06-01,transport,3.8219422135775334,0.46013581981431856,-0.0022650209178602942,4.279813012473992
2014-07-01,transport,3.8268421222657434,0.7441682199251085,-0.004105181501432575,4.566905160689419
2014-08-01,transport,3.8309338599586793,0.5981690284822526,0.035522434336008324,4.46462532277694
2014-09-01,transport,3.834381993225055,0.2870833296078771,-0.010924775333141401,4.110540547499792
2014-10-01,transport,3.8372272666893674,-0.5290713084705289,0.030530722747903916,3.3386866809667426
2014-11-01,transport,3.8395222612884776,-0.031818512582470364,0.014198504127825196,3.8219022528338327
2014-12-01,transport,3.8412231427535213,-0.2878558011300096,0.0004769362422609724,3.553844277865773
2015-01-01,transport,3.842451432272825,-0.6100112965424935,0.028862929839093,3.2613030655694244
2015-02-01,transport,3.843761820060322,-0.8137451137414584,-0.015516210585865942,3.0145004957329977
2015-03-01,transport,3.8451615329520106,-0.04252324601119932,-0.0055354468471566776,3.7971028400936544
2015-04-01,transport,3.846470774554784,-0.007472739937791958,-0.030776411290126315,3.8082216233268658
2015-05-01,transport,3.847937892350587,0.24024534404371825,0.10837704909830892,4.196560285492614
2015-06-01,transport,3.850159690711005,0.44993302793020595,0.0005315520593054401,4.300624270700516
2015-07-01,transport,3.8534255584538837,0.7413406336507883,0.11668319198722843,4.7114493840919
2015-08-01,transport,3.857937547886299,0.6133327712666324,-0.020444505452341222,4.45082581370059
2015-09-01,transport,3.863525194565481,0.2891680718375193,-0.013012082529336944,4.139681183873663
2015-10-01,transport,3.869769524456798,-0.5225663225556769,0.034569439177427164,3.3817726410785482
2015-11-01,transport,3.8764563793669056,-0.044128068885279204,-0.026340968094845874,3.8059873423867807
2015-12-01,transport,3.883214235328559,-0.3025305428023852,0.1097778034872463,3.69046149601342
2016-01-01,transport,3.8898334500266807,-0.6166687390985567,-0.019975325863823556,3.2531893850643003
2016-02-01,transport,3.8961345498734117,-0.8215561066443451,0.04764075611247298,3.1222191993415396
2016-03-01,transport,3.9022664727089484,-0.02844379456453363,-0.0018537776519598204,3.871968900492455
2016-04-01,transport,3.9082328461731635,-0.0003195548963780879,0.041369747029961434,3.949283038306747
2016-05-01,transport,3.9140998080335616,0.24654037486801453,0.02784049557707524,4.188480678478651
2016-06-01,transport,3.9197245797685936,0.45101732961980046,-0.028373227641253163,4.342368681747141
2016-07-01,transport,3.9250147141989036,0.7387432662174795,-0.005654195725267819,4.658103784691115
2016-08-01,transport,3.93001622408287,0.6321302730712922,-0.014413583038320965,4.547732914115842
2016-09-01,transport,3.934587653686862,0.29949351661515533,0.11052320365756652,4.344604373959584
2016-10-01,transport,3.9390474366597523,-0.5409961194621332,0.0024970469154075303,3.4005483641130265
2016-11-01,transport,3.943870559588162,-0.05269931885324324,0.0039163592920319346,3.8950876000269505
2016-12-01,transport,3.949519223145563,-0.31035432392155865,-0.029400831671856142,3.609764067552148
2017-01-01,transport,3.9559608985172825,-0.6274148978558542,0.022786138445579862,3.3513321391070083
2017-02-01,transport,3.9629569386469257,-0.8405275050870916,-0.005015386332288596,3.1174140472275456
2017-03-01,transport,3.9700740021774434,-0.016405982292680275,-0.11295694600873629,3.840711073876027
2017-04-01,transport,3.976886253620608,0.0070291889015977205,0.007766311938817605,3.9916817544610232
2017-05-01,transport,3.983187800110854,0.2546430135774934,-0.03485091192360201,4.202979901764746
2017-06-01,transport,3.989033462327603,0.4636973358182145,-0.0022536706697837694,4.450477127476034
2017-07-01,transport,3.994636291494213,0.7357036501859343,0.021123575628065883,4.751463517308213
2017-08-01,transport,3.9999690682366094,0.6444469459051436,0.03465402744485502,4.679070041586608
2017-09-01,transport,4.004803362994409,0.3154659350087788,0.010260721381265547,4.330530019384453
2017-10-01,transport,4.009115688172197,-0.5726200023840602,-0.06550008178120192,3.370995604006935
2017-11-01,transport,4.012907448891561,-0.053457798387105473,0.004501831964549119,3.963951482469004
2017-12-01,transport,4.016271943894685,-0.3071271462325021,0.01713881385705207,3.726283611519235
2018-01-01,transport,4.01924577947746,-0.6313561328974535,-0.027433834638047827,3.360455811941959
2018-02-01,transport,4.021819102225876,-0.8581901775831615,-0.1277459329016173,3.0358829917410968
2018-03-01,transport,4.023963211069559,-0.010629809007898398,0.022797675078067847,4.0361310771397285
2018-04-01,transport,4.026052088434282,-0.002465498634019862,0.0020114433514768493,4.025598033151739
2018-05-01,transport,4.0283254157056865,0.27330043985357777,-0.0213590376080397,4.280266817951224
2018-06-01,transport,4.030553606498886,0.47397388935099977,0.020639198365668854,4.525166694215555
2018-07-01,transport,4.032567523594981,0.7409652151185273,-0.04419703889376159,4.729335699819747
2018-08-01,transport,4.034507860792231,0.6388290037921763,0.03789077399063423,4.711227638575042
2018-09-01,transport,4.036787799549596,0.33655028801362213,-0.01904375919163037,4.354294328371587
2018-10-01,transport,4.039434353212085,-0.6087491600683399,0.031386850407347566,3.462072043551093
2018-11-01,transport,4.042335472961663,-0.046429146152960704,-0.01982550370129932,3.976080823107403
2018-12-01,transport,4.045368558297667,-0.29783911612050196,0.10835373619828204,3.855883178375447
2019-01-01,transport,4.048551058782065,-0.63423139064807,0.0018436158139758518,3.416163283947971
2019-02-01,transport,4.051717243657647,-0.870509827518245,-0.028163949204508043,3.1530434669348937
2019-03-01,transport,4.0549833914456475,-0.01473390029500442,-6.369176377418739e-07,4.040248854233005
2019-04-01,transport,4.058645446585318,-0.015942890815203097,-0.0028531716915303207,4.039849384078585
2019-05-01,transport,4.062882785550771,0.2975081703519564,0.038934986500653856,4.399325942403381
2019-06-01,transport,4.067907232163897,0.4805398514871116,0.09880325943087342,4.647250343081882
2019-07-01,transport,4.073304812187956,0.7545602591930929,-0.004126480839513391,4.823738590541536
2019-08-01,transport,4.078550992238233,0.6230905577380321,-0.05029766208020092,4.651343887896064
2019-09-01,transport,4.083175551954533,0.35468153636987976,0.012962483722175122,4.450819572046588
2019-10-01,transport,4.087127255244893,-0.6368565852493636,-0.01985648168231524,3.4304141883132147
2019-11-01,transport,4.0904389073608565,-0.041827838491913516,0.014095399940430298,4.062706468809373
2019-12-01,transport,4.093237736224618,-0.2934494987905981,0.009497138044459952,3.8092853754784803
2020-01-01,transport,4.095942881044326,-0.6402101400537619,0.029977191675698123,3.4857099326662624
2020-02-01,transport,4.09890802359154,-0.8792788817580869,0.032881589595618266,3.2525107314290715
2020-03-01,transport,4.1022291597041285,-0.03468311091211674,-0.011586725547128474,4.055959323244883
2020-04-01,transport,4.105463949082091,-0.017083258002219815,-0.03311247498014769,4.055268216099723
2020-05-01,transport,4.108271796141006,0.32446105337970427,0.0028161118954708186,4.435548961416181
2020-06-01,transport,4.110745735160112,0.4845801868856153,-0.013342664012978567,4.581983258032749
2020-07-01,transport,4.113144101369038,0.7884224372986489,-0.01564029049724347,4.885926248170443
2020-08-01,transport,4.115737691790416,0.6104384329378634,0.1500556442999521,4.876231769028232
2020-09-01,transport,4.11891424261088,0.3683435186498906,0.015492276972259411,4.50275003823303
2020-10-01,transport,4.122922841043152,-0.662878553005666,-0.0006845855101111908,3.459359702527375
2020-11-01,transport,4.127839696070524,-0.04279612800545161,0.013381794135436387,4.0984253622005085
2020-12-01,transport,4.1332915330728035,-0.29565061648716956,-0.020671068051962393,3.8169698485336716
2021-01-01,transport,4.138763148379104,-0.6485753199821119,-0.014623380450246692,3.475564447946745
2021-02-01,transport,4.144076762885673,-0.8864838417423904,0.006567620169576571,3.264160541312859
2021-03-01,transport,4.149302148517208,-0.048490651458424336,-0.0035422802680011856,4.0972692167907825
2021-04-01,transport,4.154722220804644,-0.009904046848124109,0.005627829619323066,4.150446003575843
2021-05-01,transport,4.16066463864883,0.332915800497148,-0.005175572166717046,4.488404866979261
2021-06-01,transport,4.166920591717186,0.49289523624607007,-0.004804293397548065,4.655011534565707
2021-07-01,transport,4.173297975478044,0.8110474139828984,0.03439137348653798,5.01873676294748
2021-08-01,transport,4.1798417728762995,0.610668624958079,-0.015528967126448023,4.77498143070793
2021-09-01,transport,4.186642551542324,0.3741063154881499,-0.010735939879223722,4.55001292715125
2021-10-01,transport,4.193534464519391,-0.6738140596411549,0.09516733370794395,3.6148877385861797
2021-11-01,transport,4.200436924675097,-0.04557006575858811,-0.06933930109245612,4.085527557824053
2021-12-01,transport,4.207311196719337,-0.30675338737367963,0.03759355035373613,3.9381513596993933
2022-01-01,transport,4.214048152117429,-0.6664911369927395,0.006186873552473493,3.553743888677163
2022-02-01,transport,4.220352961491693,-0.8982390270472577,-0.03791608579557426,3.2841978486488608
2022-03-01,transport,4.226062067386466,-0.05513765443791717,0.0006025769875863674,4.171526989936135
2022-04-01,transport,4.231134553314275,0.004732785835627195,0.007433804165107638,4.24330114331501
2022-05-01,transport,4.2354638040791865,0.32580235945388947,0.052977420798106856,4.614243584331183
2022-06-01,transport,4.238944064118247,0.5114106134224807,0.008439613240568633,4.758794290781296
2022-07-01,transport,4.24194411623976,0.8211356993369919,-0.13673503082938154,4.9263447847473705
2022-08-01,transport,4.244837861406729,0.6455935363713956,0.004931762310964594,4.895363160089089
2022-09-01,transport,4.247426085390636,0.365844089677901,0.0221745465734573,4.635444721641994
2022-10-01,transport,4.249446595795811,-0.6769818435717359,-0.021140324029485846,3.5513244281945893
2022-11-01,transport,4.250469983116982,-0.0480429229592668,-0.0002196875824376221,4.202207372575278
2022-12-01,transport,4.250514159301608,-0.3146088097447862,-0.0172287295359963,3.918676620020826
2023-01-01,transport,4.250170552819513,-0.6804150712291507,-0.006109057735592671,3.5636464238547694
2023-02-01,transport,4.25033550624606,-0.9172852195232174,0.03407413331855835,3.367124420041401
2023-03-01,transport,4.251324553862634,-0.06542147961755562,0.15571379537511376,4.341616869620193
2023-04-01,transport,4.253020875425494,-0.011132686203732216,0.01893918493335267,4.260827374155115
2023-05-01,transport,4.255590018491189,0.32003125930258497,-0.041082985315559206,4.5345382924782145
2023-06-01,transport,4.259217414470359,0.5258534834695994,0.0016508057030168999,4.786721703642975
2023-07-01,transport,4.263797760184839,0.8519520227302261,-0.03918570517953324,5.076564077735532
2023-08-01,transport,4.2689369245415865,0.686399721683304,0.0941056339959907,5.049442280220881
2023-09-01,transport,4.274853480540292,0.3640899929498278,-0.023299552159318893,4.615643921330801
2023-10-01,transport,4.281678591126543,-0.680874049953524,0.015029376894093893,3.6158339180671124
2023-11-01,transport,4.289641111458706,-0.05827443245904738,0.08845830419654632,4.319824983196205
2023-12-01,transport,4.298620244917718,-0.3097520956922301,-0.07933455110639187,3.9095335981190957
2024-01-01,transport,4.3081887549800495,-0.6935851885695795,-0.013441381297834454,3.6011621851126354
2024-02-01,transport,4.318377640890277,-0.935359018220743,-0.009008023624211603,3.374010599045322
2024-03-01,transport,4.328876442696448,-0.07622379594613685,0.007573614044473764,4.260226260794784
2024-04-01,transport,4.339265804638952,-0.029280368980866455,0.07376008494163955,4.383745520599725
2024-05-01,transport,4.349155062094855,0.311859393009699,0.011816233882823823,4.672830688987378
2024-06-01,transport,4.3584779299107455,0.5405900905498593,-0.0069607793704173915,4.892107241090187
2024-07-01,transport,4.367144416726919,0.8746867409603489,-0.10840534331986706,5.133425814367401
2024-08-01,transport,4.375097852436748,0.7275452910436124,-0.000998824654841357,5.101644318825519
2024-09-01,transport,4.3823750712094025,0.36165659992207083,-0.14595182634833925,4.598079844783134
2024-10-01,transport,4.38903805903175,-0.6866788749165125,0.022271183312049025,3.724630367427287
2024-11-01,transport,4.395028121266937,-0.06850730568047697,0.02929715623884732,4.355817971825307
2024-12-01,transport,4.400445535466744,-0.3048917365620624,-0.016505248120592952,4.079048550784089
2025-01-01,transport,4.405507702788378,-0.7055965673971821,0.012720434580200113,3.712631569971396
2025-02-01,transport,4.410116224219363,-0.9527239331857366,0.0006119291172570485,3.458004220150883
2025-03-01,transport,4.413480221173175,-0.08652796907887783,-0.004639508530242864,4.322312743564054
2025-04-01,transport,4.416812077476146,-0.0484595313749095,-0.02219449776558413,4.346158048335652
2025-05-01,transport,4.420192566837986,0.30419888503276454,0.0006804119342982418,4.725071863805049
2025-06-01,transport,4.423620118435488,0.5551422576957523,0.004313308270329053,4.983075684401569
2025-07-01,transport,4.427090728567955,0.8992622060612593,0.013306780411133978,5.339659715040348
2025-08-01,transport,4.430595055858616,0.7682912326601583,-0.16448161683741702,5.034404671681357
2025-09-01,transport,4.434118665613133,0.35950166399634986,0.007725434606104642,4.801345764215588
2025-10-01,transport,4.437648901925928,-0.6930204601798409,-0.016438430778909385,3.728190010967178
2025-11-01,transport,4.441174877405288,-0.07927505952575406,-0.018319366150877592,4.3435804517286565
2025-12-01,transport,4.4447022257832955,-0.29845434177686303,0.02188714165550021,4.1681350256619325
